Event, Reactor, Reaction, Worker, Elapsed Logical Time, Microstep, Elapsed Physical Time, Trigger, Extra Delay
Reaction starts, manager, 0, 0, 0, 0, 950928, NO TRIGGER, 0
Schedule called, manager, 0, 0, 0, 0, 988035, manager.next, 0
Reaction ends, manager, 0, 0, 0, 0, 992665, NO TRIGGER, 0
Reaction starts, seriesWorkers.computer, 0, 0, 0, 0, 993205, NO TRIGGER, 0
Reaction ends, seriesWorkers.computer, 0, 0, 0, 0, 993395, NO TRIGGER, 0
Reaction starts, seriesWorkers.computer, 0, 0, 0, 0, 993659, NO TRIGGER, 0
Reaction ends, seriesWorkers.computer, 0, 0, 0, 0, 993765, NO TRIGGER, 0
Reaction starts, seriesWorkers.computer, 0, 0, 0, 0, 993999, NO TRIGGER, 0
Reaction ends, seriesWorkers.computer, 0, 0, 0, 0, 994105, NO TRIGGER, 0
Reaction starts, seriesWorkers.computer, 0, 0, 0, 0, 994342, NO TRIGGER, 0
Reaction ends, seriesWorkers.computer, 0, 0, 0, 0, 994482, NO TRIGGER, 0
Reaction starts, seriesWorkers.computer, 0, 0, 0, 0, 994742, NO TRIGGER, 0
Reaction ends, seriesWorkers.computer, 0, 0, 0, 0, 994859, NO TRIGGER, 0
Reaction starts, seriesWorkers.computer, 0, 0, 0, 0, 995119, NO TRIGGER, 0
Reaction ends, seriesWorkers.computer, 0, 0, 0, 0, 995229, NO TRIGGER, 0
Reaction starts, seriesWorkers.computer, 0, 0, 0, 0, 995432, NO TRIGGER, 0
Reaction ends, seriesWorkers.computer, 0, 0, 0, 0, 995519, NO TRIGGER, 0
Reaction starts, seriesWorkers.computer, 0, 0, 0, 0, 995775, NO TRIGGER, 0
Reaction ends, seriesWorkers.computer, 0, 0, 0, 0, 995899, NO TRIGGER, 0
Reaction starts, seriesWorkers.computer, 0, 0, 0, 0, 996135, NO TRIGGER, 0
Reaction ends, seriesWorkers.computer, 0, 0, 0, 0, 996222, NO TRIGGER, 0
Reaction starts, seriesWorkers.computer, 0, 0, 0, 0, 996475, NO TRIGGER, 0
Reaction ends, seriesWorkers.computer, 0, 0, 0, 0, 996585, NO TRIGGER, 0
Reaction starts, runner, 0, 0, 0, 0, 996779, NO TRIGGER, 0
Schedule called, runner, 0, 0, 0, 0, 998005, runner.nextIteration, 0
Reaction ends, runner, 0, 0, 0, 0, 998129, NO TRIGGER, 0
Schedule called, manager, 0, 0, 0, 1, 2009693, manager.next, 0
Reaction starts, seriesWorkers, 1, 0, 0, 1, 2068688, NO TRIGGER, 0
Reaction ends, seriesWorkers, 1, 0, 0, 1, 2069692, NO TRIGGER, 0
Reaction starts, seriesWorkers, 1, 0, 0, 1, 2071082, NO TRIGGER, 0
Reaction ends, seriesWorkers, 1, 0, 0, 1, 2071335, NO TRIGGER, 0
Reaction starts, seriesWorkers.computer, 1, 0, 0, 1, 2111282, NO TRIGGER, 0
Reaction ends, seriesWorkers.computer, 1, 0, 0, 1, 2111649, NO TRIGGER, 0
Reaction starts, seriesWorkers.computer, 1, 0, 0, 1, 2112629, NO TRIGGER, 0
Reaction ends, seriesWorkers.computer, 1, 0, 0, 1, 2121632, NO TRIGGER, 0
Reaction starts, seriesWorkers, 2, 0, 0, 1, 2144720, NO TRIGGER, 0
Reaction ends, seriesWorkers, 2, 0, 0, 1, 2144973, NO TRIGGER, 0
Reaction starts, seriesWorkers, 2, 0, 0, 1, 2145533, NO TRIGGER, 0
Reaction ends, seriesWorkers, 2, 0, 0, 1, 2145843, NO TRIGGER, 0
Reaction starts, seriesWorkers, 2, 0, 0, 1, 2146423, NO TRIGGER, 0
Reaction ends, seriesWorkers, 2, 0, 0, 1, 2146760, NO TRIGGER, 0
Reaction starts, seriesWorkers, 2, 0, 0, 1, 2147240, NO TRIGGER, 0
Reaction ends, seriesWorkers, 2, 0, 0, 1, 2147503, NO TRIGGER, 0
Reaction starts, seriesWorkers, 2, 0, 0, 1, 2147930, NO TRIGGER, 0
Reaction ends, seriesWorkers, 2, 0, 0, 1, 2148226, NO TRIGGER, 0
Schedule called, runner, 0, 0, 0, 1, 2185450, runner.nextIteration, 0
Schedule called, manager, 0, 0, 0, 2, 2250958, manager.next, 0
Schedule called, runner, 0, 0, 0, 2, 2421664, runner.nextIteration, 0
Schedule called, manager, 0, 0, 0, 3, 2465304, manager.next, 0
Schedule called, runner, 0, 0, 0, 3, 2633690, runner.nextIteration, 0
Schedule called, manager, 0, 0, 0, 4, 2674471, manager.next, 0
Reaction starts, seriesWorkers, 0, 0, 0, 4, 2682644, NO TRIGGER, 0
Reaction ends, seriesWorkers, 0, 0, 0, 4, 2682908, NO TRIGGER, 0
Reaction starts, seriesWorkers, 2, 0, 0, 4, 2782536, NO TRIGGER, 0
Reaction ends, seriesWorkers, 2, 0, 0, 4, 2782913, NO TRIGGER, 0
Reaction starts, seriesWorkers, 2, 0, 0, 4, 2784293, NO TRIGGER, 0
Reaction ends, seriesWorkers, 2, 0, 0, 4, 2784646, NO TRIGGER, 0
Reaction starts, seriesWorkers, 2, 0, 0, 4, 2785693, NO TRIGGER, 0
Reaction ends, seriesWorkers, 2, 0, 0, 4, 2785949, NO TRIGGER, 0
Reaction starts, seriesWorkers, 2, 0, 0, 4, 2788673, NO TRIGGER, 0
Reaction ends, seriesWorkers, 2, 0, 0, 4, 2788933, NO TRIGGER, 0
Reaction starts, runner, 2, 0, 0, 4, 2797663, NO TRIGGER, 0
Schedule called, runner, 0, 0, 0, 4, 2802650, runner.nextIteration, 0
Reaction ends, runner, 2, 0, 0, 4, 2803003, NO TRIGGER, 0
Reaction starts, runner, 1, 0, 0, 5, 2805783, NO TRIGGER, 0
Reaction ends, runner, 1, 0, 0, 5, 2805986, NO TRIGGER, 0
Reaction starts, manager, 1, 0, 0, 5, 2842283, NO TRIGGER, 0
Schedule called, manager, 0, 0, 0, 5, 2842743, manager.next, 0
Reaction ends, manager, 1, 0, 0, 5, 2842897, NO TRIGGER, 0
Reaction starts, seriesWorkers, 0, 0, 0, 5, 2848343, NO TRIGGER, 0
Reaction ends, seriesWorkers, 0, 0, 0, 5, 2848603, NO TRIGGER, 0
Reaction starts, seriesWorkers, 0, 0, 0, 5, 2851037, NO TRIGGER, 0
Reaction ends, seriesWorkers, 0, 0, 0, 5, 2851184, NO TRIGGER, 0
Reaction starts, seriesWorkers, 1, 0, 0, 5, 2880547, NO TRIGGER, 0
Reaction ends, seriesWorkers, 1, 0, 0, 5, 2881037, NO TRIGGER, 0
Schedule called, runner, 0, 0, 0, 5, 2977092, runner.nextIteration, 0
Schedule called, manager, 0, 0, 0, 6, 3041580, manager.next, 0
Schedule called, runner, 0, 0, 0, 6, 3162385, runner.nextIteration, 0
Schedule called, manager, 0, 0, 0, 7, 3203023, manager.next, 0
Schedule called, runner, 0, 0, 0, 7, 3304984, runner.nextIteration, 0
Schedule called, manager, 0, 0, 0, 8, 3344694, manager.next, 0
Reaction starts, seriesWorkers, 2, 0, 0, 8, 3460250, NO TRIGGER, 0
Reaction ends, seriesWorkers, 2, 0, 0, 8, 3460633, NO TRIGGER, 0
Schedule called, runner, 0, 0, 0, 8, 3478236, runner.nextIteration, 0
Schedule called, manager, 0, 0, 0, 9, 3542104, manager.next, 0
Reaction starts, seriesWorkers.computer, 1, 0, 0, 9, 3632309, NO TRIGGER, 0
Reaction ends, seriesWorkers.computer, 1, 0, 0, 9, 3632779, NO TRIGGER, 0
Schedule called, runner, 0, 0, 0, 9, 3695790, runner.nextIteration, 0
Schedule called, manager, 0, 0, 0, 10, 3740570, manager.next, 0
Reaction starts, seriesWorkers, 2, 0, 0, 10, 3837822, NO TRIGGER, 0
Reaction ends, seriesWorkers, 2, 0, 0, 10, 3838002, NO TRIGGER, 0
Reaction starts, seriesWorkers, 2, 0, 0, 10, 3838385, NO TRIGGER, 0
Reaction ends, seriesWorkers, 2, 0, 0, 10, 3838548, NO TRIGGER, 0
Reaction starts, seriesWorkers, 2, 0, 0, 10, 3838905, NO TRIGGER, 0
Reaction ends, seriesWorkers, 2, 0, 0, 10, 3839062, NO TRIGGER, 0
Reaction starts, seriesWorkers, 2, 0, 0, 10, 3840965, NO TRIGGER, 0
Reaction ends, seriesWorkers, 2, 0, 0, 10, 3841169, NO TRIGGER, 0
Reaction starts, runner, 2, 0, 0, 10, 3874069, NO TRIGGER, 0
Schedule called, runner, 0, 0, 0, 10, 3885402, runner.nextIteration, 0
Reaction ends, runner, 2, 0, 0, 10, 3885632, NO TRIGGER, 0
Reaction starts, runner, 1, 0, 0, 11, 3887286, NO TRIGGER, 0
Reaction ends, runner, 1, 0, 0, 11, 3887489, NO TRIGGER, 0
Reaction starts, manager, 1, 0, 0, 11, 3950123, NO TRIGGER, 0
Schedule called, manager, 0, 0, 0, 11, 3950733, manager.next, 0
Reaction ends, manager, 1, 0, 0, 11, 3950900, NO TRIGGER, 0
Reaction starts, seriesWorkers, 0, 0, 0, 11, 3953553, NO TRIGGER, 0
Reaction ends, seriesWorkers, 0, 0, 0, 11, 3953697, NO TRIGGER, 0
Reaction starts, seriesWorkers, 0, 0, 0, 11, 3957337, NO TRIGGER, 0
Reaction ends, seriesWorkers, 0, 0, 0, 11, 3957490, NO TRIGGER, 0
Reaction starts, seriesWorkers, 1, 0, 0, 11, 3982064, NO TRIGGER, 0
Reaction ends, seriesWorkers, 1, 0, 0, 11, 3982424, NO TRIGGER, 0
Schedule called, runner, 0, 0, 0, 11, 4059059, runner.nextIteration, 0
Schedule called, manager, 0, 0, 0, 12, 4100262, manager.next, 0
Reaction starts, seriesWorkers.computer, 1, 0, 0, 12, 4155430, NO TRIGGER, 0
Reaction ends, seriesWorkers.computer, 1, 0, 0, 12, 4155723, NO TRIGGER, 0
Schedule called, runner, 0, 0, 0, 12, 4209784, runner.nextIteration, 0
Schedule called, runner, 0, 0, 0, 13, 4214834, runner.done, 0
Schedule called, manager, 0, 0, 0, 13, 4216904, manager.next, 0
Schedule called, runner, 0, 0, 0, 13, 4355556, runner.nextIteration, 0
Schedule called, runner, 0, 0, 0, 14, 4358786, runner.done, 0
Schedule called, manager, 0, 0, 0, 14, 4359936, manager.next, 0
Schedule called, runner, 0, 0, 0, 14, 4504655, runner.nextIteration, 0
Schedule called, runner, 0, 0, 0, 15, 4538656, runner.done, 0
Schedule called, manager, 0, 0, 0, 15, 4539599, manager.next, 0
Reaction starts, seriesWorkers, 2, 0, 0, 15, 4703291, NO TRIGGER, 0
Reaction ends, seriesWorkers, 2, 0, 0, 15, 4703414, NO TRIGGER, 0
Reaction starts, seriesWorkers, 2, 0, 0, 15, 4703795, NO TRIGGER, 0
Reaction ends, seriesWorkers, 2, 0, 0, 15, 4703928, NO TRIGGER, 0
Schedule called, runner, 0, 0, 0, 15, 4720102, runner.nextIteration, 0
Reaction starts, seriesWorkers.computer, 1, 1, 0, 2, 2328882, NO TRIGGER, 0
Reaction ends, seriesWorkers.computer, 1, 1, 0, 2, 2329084, NO TRIGGER, 0
Reaction starts, seriesWorkers.computer, 1, 1, 0, 2, 2331236, NO TRIGGER, 0
Reaction ends, seriesWorkers.computer, 1, 1, 0, 2, 2331352, NO TRIGGER, 0
Reaction starts, seriesWorkers.computer, 1, 1, 0, 2, 2331724, NO TRIGGER, 0
Reaction ends, seriesWorkers.computer, 1, 1, 0, 2, 2331959, NO TRIGGER, 0
Reaction starts, seriesWorkers.computer, 1, 1, 0, 2, 2332589, NO TRIGGER, 0
Reaction ends, seriesWorkers.computer, 1, 1, 0, 2, 2332761, NO TRIGGER, 0
Reaction starts, seriesWorkers.computer, 1, 1, 0, 2, 2334159, NO TRIGGER, 0
Reaction ends, seriesWorkers.computer, 1, 1, 0, 2, 2334241, NO TRIGGER, 0
Reaction starts, seriesWorkers.computer, 1, 1, 0, 2, 2334525, NO TRIGGER, 0
Reaction ends, seriesWorkers.computer, 1, 1, 0, 2, 2334652, NO TRIGGER, 0
Reaction starts, seriesWorkers.computer, 1, 1, 0, 2, 2335421, NO TRIGGER, 0
Reaction ends, seriesWorkers.computer, 1, 1, 0, 2, 2335781, NO TRIGGER, 0
Reaction starts, seriesWorkers, 1, 1, 0, 3, 2491022, NO TRIGGER, 0
Reaction ends, seriesWorkers, 1, 1, 0, 3, 2491258, NO TRIGGER, 0
Reaction starts, seriesWorkers.computer, 1, 1, 0, 3, 2528180, NO TRIGGER, 0
Reaction ends, seriesWorkers.computer, 1, 1, 0, 3, 2528408, NO TRIGGER, 0
Reaction starts, seriesWorkers.computer, 1, 1, 0, 3, 2529092, NO TRIGGER, 0
Reaction ends, seriesWorkers.computer, 1, 1, 0, 3, 2529324, NO TRIGGER, 0
Reaction starts, seriesWorkers.computer, 1, 1, 0, 3, 2530098, NO TRIGGER, 0
Reaction ends, seriesWorkers.computer, 1, 1, 0, 3, 2530270, NO TRIGGER, 0
Reaction starts, seriesWorkers.computer, 1, 1, 0, 3, 2530709, NO TRIGGER, 0
Reaction ends, seriesWorkers.computer, 1, 1, 0, 3, 2530861, NO TRIGGER, 0
Reaction starts, seriesWorkers.computer, 1, 1, 0, 3, 2531150, NO TRIGGER, 0
Reaction ends, seriesWorkers.computer, 1, 1, 0, 3, 2531291, NO TRIGGER, 0
Reaction starts, seriesWorkers.computer, 1, 1, 0, 3, 2533701, NO TRIGGER, 0
Reaction ends, seriesWorkers.computer, 1, 1, 0, 3, 2534313, NO TRIGGER, 0
Reaction starts, seriesWorkers, 2, 1, 0, 3, 2613437, NO TRIGGER, 0
Reaction ends, seriesWorkers, 2, 1, 0, 3, 2613529, NO TRIGGER, 0
Reaction starts, seriesWorkers, 2, 1, 0, 3, 2613714, NO TRIGGER, 0
Reaction ends, seriesWorkers, 2, 1, 0, 3, 2613802, NO TRIGGER, 0
Reaction starts, seriesWorkers, 2, 1, 0, 3, 2613983, NO TRIGGER, 0
Reaction ends, seriesWorkers, 2, 1, 0, 3, 2614031, NO TRIGGER, 0
Reaction starts, seriesWorkers, 2, 1, 0, 3, 2614254, NO TRIGGER, 0
Reaction ends, seriesWorkers, 2, 1, 0, 3, 2614314, NO TRIGGER, 0
Reaction starts, seriesWorkers, 2, 1, 0, 3, 2614503, NO TRIGGER, 0
Reaction ends, seriesWorkers, 2, 1, 0, 3, 2614594, NO TRIGGER, 0
Reaction starts, seriesWorkers, 2, 1, 0, 3, 2614784, NO TRIGGER, 0
Reaction ends, seriesWorkers, 2, 1, 0, 3, 2614831, NO TRIGGER, 0
Reaction starts, seriesWorkers, 2, 1, 0, 3, 2615046, NO TRIGGER, 0
Reaction ends, seriesWorkers, 2, 1, 0, 3, 2615089, NO TRIGGER, 0
Reaction starts, seriesWorkers, 2, 1, 0, 3, 2615423, NO TRIGGER, 0
Reaction ends, seriesWorkers, 2, 1, 0, 3, 2615460, NO TRIGGER, 0
Reaction starts, seriesWorkers, 2, 1, 0, 3, 2617240, NO TRIGGER, 0
Reaction ends, seriesWorkers, 2, 1, 0, 3, 2617294, NO TRIGGER, 0
Reaction starts, seriesWorkers.computer, 1, 1, 0, 4, 2735052, NO TRIGGER, 0
Reaction ends, seriesWorkers.computer, 1, 1, 0, 4, 2735405, NO TRIGGER, 0
Reaction starts, seriesWorkers.computer, 1, 1, 0, 4, 2736325, NO TRIGGER, 0
Reaction ends, seriesWorkers.computer, 1, 1, 0, 4, 2736575, NO TRIGGER, 0
Reaction starts, seriesWorkers.computer, 1, 1, 0, 4, 2747012, NO TRIGGER, 0
Reaction ends, seriesWorkers.computer, 1, 1, 0, 4, 2747909, NO TRIGGER, 0
Reaction starts, seriesWorkers, 2, 1, 0, 4, 2785986, NO TRIGGER, 0
Reaction ends, seriesWorkers, 2, 1, 0, 4, 2786186, NO TRIGGER, 0
Reaction starts, seriesWorkers, 1, 2, 0, 2, 2295043, NO TRIGGER, 0
Reaction ends, seriesWorkers, 1, 2, 0, 2, 2295256, NO TRIGGER, 0
Reaction starts, seriesWorkers, 1, 2, 0, 2, 2295895, NO TRIGGER, 0
Reaction ends, seriesWorkers, 1, 2, 0, 2, 2295982, NO TRIGGER, 0
Reaction starts, seriesWorkers, 1, 2, 0, 2, 2296295, NO TRIGGER, 0
Reaction ends, seriesWorkers, 1, 2, 0, 2, 2296379, NO TRIGGER, 0
Reaction starts, seriesWorkers, 1, 2, 0, 2, 2296735, NO TRIGGER, 0
Reaction ends, seriesWorkers, 1, 2, 0, 2, 2296914, NO TRIGGER, 0
Reaction starts, seriesWorkers, 1, 2, 0, 2, 2297474, NO TRIGGER, 0
Reaction ends, seriesWorkers, 1, 2, 0, 2, 2297825, NO TRIGGER, 0
Reaction starts, seriesWorkers, 2, 2, 0, 2, 2397060, NO TRIGGER, 0
Reaction ends, seriesWorkers, 2, 2, 0, 2, 2397460, NO TRIGGER, 0
Reaction starts, seriesWorkers, 2, 2, 0, 2, 2398163, NO TRIGGER, 0
Reaction ends, seriesWorkers, 2, 2, 0, 2, 2398440, NO TRIGGER, 0
Reaction starts, seriesWorkers, 2, 2, 0, 2, 2398860, NO TRIGGER, 0
Reaction ends, seriesWorkers, 2, 2, 0, 2, 2399103, NO TRIGGER, 0
Reaction starts, seriesWorkers, 2, 2, 0, 2, 2399650, NO TRIGGER, 0
Reaction ends, seriesWorkers, 2, 2, 0, 2, 2399883, NO TRIGGER, 0
Reaction starts, seriesWorkers, 2, 2, 0, 2, 2400517, NO TRIGGER, 0
Reaction ends, seriesWorkers, 2, 2, 0, 2, 2400733, NO TRIGGER, 0
Reaction starts, seriesWorkers, 2, 2, 0, 2, 2401077, NO TRIGGER, 0
Reaction ends, seriesWorkers, 2, 2, 0, 2, 2401297, NO TRIGGER, 0
Reaction starts, seriesWorkers, 2, 2, 0, 2, 2402027, NO TRIGGER, 0
Reaction ends, seriesWorkers, 2, 2, 0, 2, 2402177, NO TRIGGER, 0
Reaction starts, seriesWorkers, 1, 2, 0, 4, 2704558, NO TRIGGER, 0
Reaction ends, seriesWorkers, 1, 2, 0, 4, 2704868, NO TRIGGER, 0
Reaction starts, seriesWorkers, 1, 2, 0, 4, 2706008, NO TRIGGER, 0
Reaction ends, seriesWorkers, 1, 2, 0, 4, 2706348, NO TRIGGER, 0
Reaction starts, seriesWorkers, 1, 2, 0, 4, 2707141, NO TRIGGER, 0
Reaction ends, seriesWorkers, 1, 2, 0, 4, 2707331, NO TRIGGER, 0
Reaction starts, seriesWorkers, 1, 2, 0, 4, 2708111, NO TRIGGER, 0
Reaction ends, seriesWorkers, 1, 2, 0, 4, 2708301, NO TRIGGER, 0
Reaction starts, seriesWorkers, 1, 2, 0, 4, 2708768, NO TRIGGER, 0
Reaction ends, seriesWorkers, 1, 2, 0, 4, 2709175, NO TRIGGER, 0
Reaction starts, seriesWorkers, 0, 2, 0, 6, 3049360, NO TRIGGER, 0
Reaction ends, seriesWorkers, 0, 2, 0, 6, 3049643, NO TRIGGER, 0
Reaction starts, manager, 1, 2, 0, 10, 3739727, NO TRIGGER, 0
Reaction ends, manager, 1, 2, 0, 10, 3740814, NO TRIGGER, 0
Reaction starts, seriesWorkers, 0, 2, 0, 10, 3752540, NO TRIGGER, 0
Reaction ends, seriesWorkers, 0, 2, 0, 10, 3752864, NO TRIGGER, 0
Reaction starts, seriesWorkers, 1, 2, 0, 10, 3782438, NO TRIGGER, 0
Reaction ends, seriesWorkers, 1, 2, 0, 10, 3782754, NO TRIGGER, 0
Reaction starts, seriesWorkers, 1, 2, 0, 10, 3785421, NO TRIGGER, 0
Reaction ends, seriesWorkers, 1, 2, 0, 10, 3785734, NO TRIGGER, 0
Reaction starts, seriesWorkers, 1, 2, 0, 10, 3788838, NO TRIGGER, 0
Reaction ends, seriesWorkers, 1, 2, 0, 10, 3789118, NO TRIGGER, 0
Reaction starts, seriesWorkers, 1, 2, 0, 11, 3976731, NO TRIGGER, 0
Reaction ends, seriesWorkers, 1, 2, 0, 11, 3977214, NO TRIGGER, 0
Reaction starts, seriesWorkers.computer, 1, 3, 0, 1, 2106886, NO TRIGGER, 0
Reaction ends, seriesWorkers.computer, 1, 3, 0, 1, 2107366, NO TRIGGER, 0
Reaction starts, seriesWorkers.computer, 1, 3, 0, 1, 2108456, NO TRIGGER, 0
Reaction ends, seriesWorkers.computer, 1, 3, 0, 1, 2108662, NO TRIGGER, 0
Reaction starts, seriesWorkers.computer, 1, 3, 0, 1, 2109369, NO TRIGGER, 0
Reaction ends, seriesWorkers.computer, 1, 3, 0, 1, 2109596, NO TRIGGER, 0
Reaction starts, seriesWorkers.computer, 1, 3, 0, 1, 2110159, NO TRIGGER, 0
Reaction ends, seriesWorkers.computer, 1, 3, 0, 1, 2110396, NO TRIGGER, 0
Reaction starts, seriesWorkers.computer, 1, 3, 0, 1, 2112866, NO TRIGGER, 0
Reaction ends, seriesWorkers.computer, 1, 3, 0, 1, 2113109, NO TRIGGER, 0
Reaction starts, seriesWorkers.computer, 1, 3, 0, 1, 2114219, NO TRIGGER, 0
Reaction ends, seriesWorkers.computer, 1, 3, 0, 1, 2114646, NO TRIGGER, 0
Reaction starts, seriesWorkers.computer, 1, 3, 0, 1, 2117006, NO TRIGGER, 0
Reaction ends, seriesWorkers.computer, 1, 3, 0, 1, 2117206, NO TRIGGER, 0
Reaction starts, seriesWorkers, 2, 3, 0, 1, 2146020, NO TRIGGER, 0
Reaction ends, seriesWorkers, 2, 3, 0, 1, 2146213, NO TRIGGER, 0
Reaction starts, seriesWorkers, 2, 3, 0, 1, 2149963, NO TRIGGER, 0
Reaction ends, seriesWorkers, 2, 3, 0, 1, 2150090, NO TRIGGER, 0
Reaction starts, runner, 2, 3, 0, 1, 2159856, NO TRIGGER, 0
Reaction ends, runner, 2, 3, 0, 1, 2186040, NO TRIGGER, 0
Reaction starts, runner, 1, 3, 0, 2, 2190037, NO TRIGGER, 0
Reaction ends, runner, 1, 3, 0, 2, 2190510, NO TRIGGER, 0
Reaction starts, seriesWorkers, 0, 3, 0, 2, 2251828, NO TRIGGER, 0
Reaction ends, seriesWorkers, 0, 3, 0, 2, 2252138, NO TRIGGER, 0
Reaction starts, seriesWorkers, 0, 3, 0, 2, 2252784, NO TRIGGER, 0
Reaction ends, seriesWorkers, 0, 3, 0, 2, 2252961, NO TRIGGER, 0
Reaction starts, seriesWorkers, 2, 3, 0, 3, 2618440, NO TRIGGER, 0
Reaction ends, seriesWorkers, 2, 3, 0, 3, 2618810, NO TRIGGER, 0
Reaction starts, seriesWorkers.computer, 1, 3, 0, 6, 3124231, NO TRIGGER, 0
Reaction ends, seriesWorkers.computer, 1, 3, 0, 6, 3124661, NO TRIGGER, 0
Reaction starts, seriesWorkers.computer, 1, 3, 0, 6, 3129051, NO TRIGGER, 0
Reaction ends, seriesWorkers.computer, 1, 3, 0, 6, 3129378, NO TRIGGER, 0
Reaction starts, seriesWorkers, 2, 3, 0, 9, 3677578, NO TRIGGER, 0
Reaction ends, seriesWorkers, 2, 3, 0, 9, 3677682, NO TRIGGER, 0
Reaction starts, seriesWorkers, 2, 3, 0, 9, 3678059, NO TRIGGER, 0
Reaction ends, seriesWorkers, 2, 3, 0, 9, 3678154, NO TRIGGER, 0
Reaction starts, seriesWorkers, 2, 3, 0, 9, 3678656, NO TRIGGER, 0
Reaction ends, seriesWorkers, 2, 3, 0, 9, 3678785, NO TRIGGER, 0
Reaction starts, seriesWorkers, 2, 3, 0, 9, 3680499, NO TRIGGER, 0
Reaction ends, seriesWorkers, 2, 3, 0, 9, 3680599, NO TRIGGER, 0
Reaction starts, seriesWorkers, 2, 3, 0, 9, 3681107, NO TRIGGER, 0
Reaction ends, seriesWorkers, 2, 3, 0, 9, 3681215, NO TRIGGER, 0
Reaction starts, seriesWorkers, 1, 3, 0, 14, 4423834, NO TRIGGER, 0
Reaction ends, seriesWorkers, 1, 3, 0, 14, 4424097, NO TRIGGER, 0
Reaction starts, seriesWorkers, 1, 3, 0, 14, 4424871, NO TRIGGER, 0
Reaction ends, seriesWorkers, 1, 3, 0, 14, 4425017, NO TRIGGER, 0
Reaction starts, seriesWorkers.computer, 1, 3, 0, 14, 4454001, NO TRIGGER, 0
Reaction ends, seriesWorkers.computer, 1, 3, 0, 14, 4454291, NO TRIGGER, 0
Reaction starts, seriesWorkers.computer, 1, 3, 0, 14, 4454931, NO TRIGGER, 0
Reaction ends, seriesWorkers.computer, 1, 3, 0, 14, 4455138, NO TRIGGER, 0
Reaction starts, seriesWorkers.computer, 1, 3, 0, 14, 4455655, NO TRIGGER, 0
Reaction ends, seriesWorkers.computer, 1, 3, 0, 14, 4455908, NO TRIGGER, 0
Reaction starts, seriesWorkers.computer, 1, 3, 0, 14, 4456441, NO TRIGGER, 0
Reaction ends, seriesWorkers.computer, 1, 3, 0, 14, 4456648, NO TRIGGER, 0
Reaction starts, seriesWorkers.computer, 1, 3, 0, 14, 4457068, NO TRIGGER, 0
Reaction ends, seriesWorkers.computer, 1, 3, 0, 14, 4457208, NO TRIGGER, 0
Reaction starts, seriesWorkers.computer, 1, 3, 0, 14, 4457678, NO TRIGGER, 0
Reaction ends, seriesWorkers.computer, 1, 3, 0, 14, 4457885, NO TRIGGER, 0
Reaction starts, seriesWorkers.computer, 1, 3, 0, 14, 4460378, NO TRIGGER, 0
Reaction ends, seriesWorkers.computer, 1, 3, 0, 14, 4460665, NO TRIGGER, 0
Reaction starts, seriesWorkers.computer, 1, 3, 0, 14, 4461138, NO TRIGGER, 0
Reaction ends, seriesWorkers.computer, 1, 3, 0, 14, 4461368, NO TRIGGER, 0
Reaction starts, seriesWorkers, 1, 3, 0, 15, 4612990, NO TRIGGER, 0
Reaction ends, seriesWorkers, 1, 3, 0, 15, 4613947, NO TRIGGER, 0
Reaction starts, seriesWorkers.computer, 1, 3, 0, 15, 4652208, NO TRIGGER, 0
Reaction ends, seriesWorkers.computer, 1, 3, 0, 15, 4652504, NO TRIGGER, 0
Reaction starts, seriesWorkers.computer, 1, 3, 0, 15, 4653318, NO TRIGGER, 0
Reaction ends, seriesWorkers.computer, 1, 3, 0, 15, 4653628, NO TRIGGER, 0
Reaction starts, seriesWorkers.computer, 1, 3, 0, 15, 4654258, NO TRIGGER, 0
Reaction ends, seriesWorkers.computer, 1, 3, 0, 15, 4654564, NO TRIGGER, 0
Reaction starts, seriesWorkers, 2, 3, 0, 15, 4698872, NO TRIGGER, 0
Reaction ends, seriesWorkers, 2, 3, 0, 15, 4699012, NO TRIGGER, 0
Reaction starts, seriesWorkers, 2, 3, 0, 15, 4699372, NO TRIGGER, 0
Reaction ends, seriesWorkers, 2, 3, 0, 15, 4699505, NO TRIGGER, 0
Reaction starts, seriesWorkers, 2, 3, 0, 15, 4700045, NO TRIGGER, 0
Reaction ends, seriesWorkers, 2, 3, 0, 15, 4700178, NO TRIGGER, 0
Reaction starts, seriesWorkers, 2, 3, 0, 15, 4700792, NO TRIGGER, 0
Reaction ends, seriesWorkers, 2, 3, 0, 15, 4701002, NO TRIGGER, 0
Reaction starts, seriesWorkers, 2, 3, 0, 15, 4701265, NO TRIGGER, 0
Reaction ends, seriesWorkers, 2, 3, 0, 15, 4701402, NO TRIGGER, 0
Reaction starts, seriesWorkers, 2, 3, 0, 15, 4703695, NO TRIGGER, 0
Reaction ends, seriesWorkers, 2, 3, 0, 15, 4703892, NO TRIGGER, 0
Reaction starts, seriesWorkers, 1, 4, 0, 4, 2710861, NO TRIGGER, 0
Reaction ends, seriesWorkers, 1, 4, 0, 4, 2711751, NO TRIGGER, 0
Reaction starts, seriesWorkers.computer, 1, 4, 0, 4, 2738832, NO TRIGGER, 0
Reaction ends, seriesWorkers.computer, 1, 4, 0, 4, 2739205, NO TRIGGER, 0
Reaction starts, seriesWorkers.computer, 1, 4, 0, 4, 2740305, NO TRIGGER, 0
Reaction ends, seriesWorkers.computer, 1, 4, 0, 4, 2741075, NO TRIGGER, 0
Reaction starts, seriesWorkers, 1, 4, 0, 6, 3090981, NO TRIGGER, 0
Reaction ends, seriesWorkers, 1, 4, 0, 6, 3091390, NO TRIGGER, 0
Reaction starts, seriesWorkers, 1, 4, 0, 6, 3095167, NO TRIGGER, 0
Reaction ends, seriesWorkers, 1, 4, 0, 6, 3095527, NO TRIGGER, 0
Reaction starts, seriesWorkers.computer, 1, 4, 0, 6, 3125781, NO TRIGGER, 0
Reaction ends, seriesWorkers.computer, 1, 4, 0, 6, 3126088, NO TRIGGER, 0
Reaction starts, seriesWorkers.computer, 1, 4, 0, 6, 3126918, NO TRIGGER, 0
Reaction ends, seriesWorkers.computer, 1, 4, 0, 6, 3127194, NO TRIGGER, 0
Reaction starts, seriesWorkers.computer, 1, 4, 0, 6, 3128311, NO TRIGGER, 0
Reaction ends, seriesWorkers.computer, 1, 4, 0, 6, 3128628, NO TRIGGER, 0
Reaction starts, runner, 2, 4, 0, 7, 3296917, NO TRIGGER, 0
Reaction ends, runner, 2, 4, 0, 7, 3305300, NO TRIGGER, 0
Reaction starts, runner, 1, 4, 0, 8, 3308110, NO TRIGGER, 0
Reaction ends, runner, 1, 4, 0, 8, 3308427, NO TRIGGER, 0
Reaction starts, manager, 1, 4, 0, 8, 3344221, NO TRIGGER, 0
Reaction ends, manager, 1, 4, 0, 8, 3344844, NO TRIGGER, 0
Reaction starts, seriesWorkers, 0, 4, 0, 8, 3347734, NO TRIGGER, 0
Reaction ends, seriesWorkers, 0, 4, 0, 8, 3347898, NO TRIGGER, 0
Reaction starts, seriesWorkers, 0, 4, 0, 8, 3348311, NO TRIGGER, 0
Reaction ends, seriesWorkers, 0, 4, 0, 8, 3348451, NO TRIGGER, 0
Reaction starts, seriesWorkers, 0, 4, 0, 8, 3349028, NO TRIGGER, 0
Reaction ends, seriesWorkers, 0, 4, 0, 8, 3349138, NO TRIGGER, 0
Reaction starts, seriesWorkers, 0, 4, 0, 8, 3349564, NO TRIGGER, 0
Reaction ends, seriesWorkers, 0, 4, 0, 8, 3349694, NO TRIGGER, 0
Reaction starts, seriesWorkers, 0, 4, 0, 8, 3350141, NO TRIGGER, 0
Reaction ends, seriesWorkers, 0, 4, 0, 8, 3350274, NO TRIGGER, 0
Reaction starts, seriesWorkers, 1, 4, 0, 8, 3404209, NO TRIGGER, 0
Reaction ends, seriesWorkers, 1, 4, 0, 8, 3404432, NO TRIGGER, 0
Reaction starts, seriesWorkers, 1, 4, 0, 8, 3405105, NO TRIGGER, 0
Reaction ends, seriesWorkers, 1, 4, 0, 8, 3405269, NO TRIGGER, 0
Reaction starts, seriesWorkers, 1, 4, 0, 8, 3406022, NO TRIGGER, 0
Reaction ends, seriesWorkers, 1, 4, 0, 8, 3406432, NO TRIGGER, 0
Reaction starts, seriesWorkers, 1, 4, 0, 8, 3410599, NO TRIGGER, 0
Reaction ends, seriesWorkers, 1, 4, 0, 8, 3410872, NO TRIGGER, 0
Reaction starts, runner, 2, 4, 0, 9, 3688759, NO TRIGGER, 0
Reaction ends, runner, 2, 4, 0, 9, 3696296, NO TRIGGER, 0
Reaction starts, runner, 1, 4, 0, 10, 3699996, NO TRIGGER, 0
Reaction ends, runner, 1, 4, 0, 10, 3700403, NO TRIGGER, 0
Reaction starts, seriesWorkers, 0, 4, 0, 10, 3741004, NO TRIGGER, 0
Reaction ends, seriesWorkers, 0, 4, 0, 10, 3741324, NO TRIGGER, 0
Reaction starts, seriesWorkers, 0, 4, 0, 10, 3741837, NO TRIGGER, 0
Reaction ends, seriesWorkers, 0, 4, 0, 10, 3742074, NO TRIGGER, 0
Reaction starts, seriesWorkers, 0, 4, 0, 10, 3742660, NO TRIGGER, 0
Reaction ends, seriesWorkers, 0, 4, 0, 10, 3742857, NO TRIGGER, 0
Reaction starts, seriesWorkers, 0, 4, 0, 10, 3746687, NO TRIGGER, 0
Reaction ends, seriesWorkers, 0, 4, 0, 10, 3746990, NO TRIGGER, 0
Reaction starts, seriesWorkers.computer, 1, 4, 0, 11, 4016191, NO TRIGGER, 0
Reaction ends, seriesWorkers.computer, 1, 4, 0, 11, 4016501, NO TRIGGER, 0
Reaction starts, seriesWorkers, 1, 4, 0, 12, 4135710, NO TRIGGER, 0
Reaction ends, seriesWorkers, 1, 4, 0, 12, 4136213, NO TRIGGER, 0
Reaction starts, seriesWorkers, 1, 4, 0, 14, 4421207, NO TRIGGER, 0
Reaction ends, seriesWorkers, 1, 4, 0, 14, 4421514, NO TRIGGER, 0
Reaction starts, seriesWorkers, 1, 4, 0, 14, 4422271, NO TRIGGER, 0
Reaction ends, seriesWorkers, 1, 4, 0, 14, 4422584, NO TRIGGER, 0
Reaction starts, seriesWorkers, 1, 4, 0, 14, 4425461, NO TRIGGER, 0
Reaction ends, seriesWorkers, 1, 4, 0, 14, 4425767, NO TRIGGER, 0
Reaction starts, seriesWorkers.computer, 1, 4, 0, 14, 4458658, NO TRIGGER, 0
Reaction ends, seriesWorkers.computer, 1, 4, 0, 14, 4458978, NO TRIGGER, 0
Reaction starts, runner, 2, 4, 0, 14, 4499115, NO TRIGGER, 0
Reaction ends, runner, 2, 4, 0, 14, 4505062, NO TRIGGER, 0
Reaction starts, runner, 3, 4, 0, 14, 4505705, NO TRIGGER, 0
Reaction ends, runner, 3, 4, 0, 14, 4535356, NO TRIGGER, 0
Reaction starts, runner, 1, 4, 0, 15, 4538256, NO TRIGGER, 0
Reaction ends, runner, 1, 4, 0, 15, 4538806, NO TRIGGER, 0
Reaction starts, manager, 1, 4, 0, 15, 4539159, NO TRIGGER, 0
Reaction ends, manager, 1, 4, 0, 15, 4539756, NO TRIGGER, 0
Reaction starts, seriesWorkers, 1, 4, 0, 15, 4605623, NO TRIGGER, 0
Reaction ends, seriesWorkers, 1, 4, 0, 15, 4605773, NO TRIGGER, 0
Reaction starts, seriesWorkers, 1, 4, 0, 15, 4606417, NO TRIGGER, 0
Reaction ends, seriesWorkers, 1, 4, 0, 15, 4606573, NO TRIGGER, 0
Reaction starts, seriesWorkers, 1, 4, 0, 15, 4607113, NO TRIGGER, 0
Reaction ends, seriesWorkers, 1, 4, 0, 15, 4607253, NO TRIGGER, 0
Reaction starts, seriesWorkers, 1, 4, 0, 15, 4609697, NO TRIGGER, 0
Reaction ends, seriesWorkers, 1, 4, 0, 15, 4609953, NO TRIGGER, 0
Reaction starts, seriesWorkers.computer, 1, 4, 0, 15, 4653848, NO TRIGGER, 0
Reaction ends, seriesWorkers.computer, 1, 4, 0, 15, 4654108, NO TRIGGER, 0
Reaction starts, seriesWorkers.computer, 1, 4, 0, 15, 4655561, NO TRIGGER, 0
Reaction ends, seriesWorkers.computer, 1, 4, 0, 15, 4655824, NO TRIGGER, 0
Reaction starts, seriesWorkers.computer, 1, 4, 0, 15, 4657051, NO TRIGGER, 0
Reaction ends, seriesWorkers.computer, 1, 4, 0, 15, 4657258, NO TRIGGER, 0
Reaction starts, seriesWorkers.computer, 1, 4, 0, 15, 4658388, NO TRIGGER, 0
Reaction ends, seriesWorkers.computer, 1, 4, 0, 15, 4658681, NO TRIGGER, 0
Reaction starts, seriesWorkers, 0, 5, 0, 8, 3347761, NO TRIGGER, 0
Reaction ends, seriesWorkers, 0, 5, 0, 8, 3348041, NO TRIGGER, 0
Reaction starts, seriesWorkers, 1, 5, 0, 8, 3405835, NO TRIGGER, 0
Reaction ends, seriesWorkers, 1, 5, 0, 8, 3406322, NO TRIGGER, 0
Reaction starts, seriesWorkers, 1, 5, 0, 8, 3411119, NO TRIGGER, 0
Reaction ends, seriesWorkers, 1, 5, 0, 8, 3411689, NO TRIGGER, 0
Reaction starts, seriesWorkers.computer, 1, 5, 0, 8, 3436056, NO TRIGGER, 0
Reaction ends, seriesWorkers.computer, 1, 5, 0, 8, 3436332, NO TRIGGER, 0
Reaction starts, seriesWorkers.computer, 1, 5, 0, 8, 3437096, NO TRIGGER, 0
Reaction ends, seriesWorkers.computer, 1, 5, 0, 8, 3437366, NO TRIGGER, 0
Reaction starts, seriesWorkers.computer, 1, 5, 0, 8, 3438106, NO TRIGGER, 0
Reaction ends, seriesWorkers.computer, 1, 5, 0, 8, 3438346, NO TRIGGER, 0
Reaction starts, seriesWorkers.computer, 1, 5, 0, 8, 3439342, NO TRIGGER, 0
Reaction ends, seriesWorkers.computer, 1, 5, 0, 8, 3439706, NO TRIGGER, 0
Reaction starts, seriesWorkers, 2, 5, 0, 11, 4049605, NO TRIGGER, 0
Reaction ends, seriesWorkers, 2, 5, 0, 11, 4050008, NO TRIGGER, 0
Reaction starts, seriesWorkers, 1, 5, 0, 14, 4422521, NO TRIGGER, 0
Reaction ends, seriesWorkers, 1, 5, 0, 14, 4422921, NO TRIGGER, 0
Reaction starts, seriesWorkers.computer, 1, 6, 0, 6, 3126565, NO TRIGGER, 0
Reaction ends, seriesWorkers.computer, 1, 6, 0, 6, 3126804, NO TRIGGER, 0
Reaction starts, seriesWorkers, 2, 6, 0, 6, 3147975, NO TRIGGER, 0
Reaction ends, seriesWorkers, 2, 6, 0, 6, 3148077, NO TRIGGER, 0
Reaction starts, seriesWorkers, 2, 6, 0, 6, 3148336, NO TRIGGER, 0
Reaction ends, seriesWorkers, 2, 6, 0, 6, 3148423, NO TRIGGER, 0
Reaction starts, seriesWorkers, 2, 6, 0, 6, 3148588, NO TRIGGER, 0
Reaction ends, seriesWorkers, 2, 6, 0, 6, 3148690, NO TRIGGER, 0
Reaction starts, seriesWorkers, 2, 6, 0, 6, 3148834, NO TRIGGER, 0
Reaction ends, seriesWorkers, 2, 6, 0, 6, 3148917, NO TRIGGER, 0
Reaction starts, seriesWorkers, 2, 6, 0, 6, 3149096, NO TRIGGER, 0
Reaction ends, seriesWorkers, 2, 6, 0, 6, 3149131, NO TRIGGER, 0
Reaction starts, seriesWorkers, 2, 6, 0, 6, 3149351, NO TRIGGER, 0
Reaction ends, seriesWorkers, 2, 6, 0, 6, 3149475, NO TRIGGER, 0
Reaction starts, seriesWorkers, 2, 6, 0, 6, 3149655, NO TRIGGER, 0
Reaction ends, seriesWorkers, 2, 6, 0, 6, 3149743, NO TRIGGER, 0
Reaction starts, seriesWorkers, 2, 6, 0, 6, 3149887, NO TRIGGER, 0
Reaction ends, seriesWorkers, 2, 6, 0, 6, 3150005, NO TRIGGER, 0
Reaction starts, seriesWorkers, 2, 6, 0, 6, 3150151, NO TRIGGER, 0
Reaction ends, seriesWorkers, 2, 6, 0, 6, 3150241, NO TRIGGER, 0
Reaction starts, seriesWorkers, 2, 6, 0, 6, 3150371, NO TRIGGER, 0
Reaction ends, seriesWorkers, 2, 6, 0, 6, 3150482, NO TRIGGER, 0
Reaction starts, seriesWorkers, 2, 6, 0, 7, 3284753, NO TRIGGER, 0
Reaction ends, seriesWorkers, 2, 6, 0, 7, 3284858, NO TRIGGER, 0
Reaction starts, seriesWorkers, 2, 6, 0, 7, 3285165, NO TRIGGER, 0
Reaction ends, seriesWorkers, 2, 6, 0, 7, 3285279, NO TRIGGER, 0
Reaction starts, seriesWorkers, 2, 6, 0, 7, 3285450, NO TRIGGER, 0
Reaction ends, seriesWorkers, 2, 6, 0, 7, 3285537, NO TRIGGER, 0
Reaction starts, seriesWorkers, 1, 6, 0, 8, 3408313, NO TRIGGER, 0
Reaction ends, seriesWorkers, 1, 6, 0, 8, 3408635, NO TRIGGER, 0
Reaction starts, seriesWorkers, 1, 6, 0, 8, 3411251, NO TRIGGER, 0
Reaction ends, seriesWorkers, 1, 6, 0, 8, 3411609, NO TRIGGER, 0
Reaction starts, seriesWorkers.computer, 1, 6, 0, 8, 3435099, NO TRIGGER, 0
Reaction ends, seriesWorkers.computer, 1, 6, 0, 8, 3435309, NO TRIGGER, 0
Reaction starts, seriesWorkers.computer, 1, 6, 0, 8, 3435696, NO TRIGGER, 0
Reaction ends, seriesWorkers.computer, 1, 6, 0, 8, 3435802, NO TRIGGER, 0
Reaction starts, seriesWorkers.computer, 1, 6, 0, 8, 3436697, NO TRIGGER, 0
Reaction ends, seriesWorkers.computer, 1, 6, 0, 8, 3436961, NO TRIGGER, 0
Reaction starts, seriesWorkers.computer, 1, 6, 0, 8, 3437650, NO TRIGGER, 0
Reaction ends, seriesWorkers.computer, 1, 6, 0, 8, 3437940, NO TRIGGER, 0
Reaction starts, seriesWorkers.computer, 1, 6, 0, 8, 3438577, NO TRIGGER, 0
Reaction ends, seriesWorkers.computer, 1, 6, 0, 8, 3438884, NO TRIGGER, 0
Reaction starts, seriesWorkers, 2, 6, 0, 8, 3458640, NO TRIGGER, 0
Reaction ends, seriesWorkers, 2, 6, 0, 8, 3458890, NO TRIGGER, 0
Reaction starts, seriesWorkers, 2, 6, 0, 8, 3459295, NO TRIGGER, 0
Reaction ends, seriesWorkers, 2, 6, 0, 8, 3459555, NO TRIGGER, 0
Reaction starts, seriesWorkers, 2, 6, 0, 8, 3461458, NO TRIGGER, 0
Reaction ends, seriesWorkers, 2, 6, 0, 8, 3461714, NO TRIGGER, 0
Reaction starts, seriesWorkers, 0, 6, 0, 11, 3953280, NO TRIGGER, 0
Reaction ends, seriesWorkers, 0, 6, 0, 11, 3953366, NO TRIGGER, 0
Reaction starts, seriesWorkers, 0, 6, 0, 11, 3953901, NO TRIGGER, 0
Reaction ends, seriesWorkers, 0, 6, 0, 11, 3954031, NO TRIGGER, 0
Reaction starts, seriesWorkers, 0, 6, 0, 11, 3955970, NO TRIGGER, 0
Reaction ends, seriesWorkers, 0, 6, 0, 11, 3956018, NO TRIGGER, 0
Reaction starts, seriesWorkers, 0, 6, 0, 11, 3956413, NO TRIGGER, 0
Reaction ends, seriesWorkers, 0, 6, 0, 11, 3956495, NO TRIGGER, 0
Reaction starts, seriesWorkers, 0, 6, 0, 11, 3957692, NO TRIGGER, 0
Reaction ends, seriesWorkers, 0, 6, 0, 11, 3957844, NO TRIGGER, 0
Reaction starts, seriesWorkers, 1, 6, 0, 11, 3971055, NO TRIGGER, 0
Reaction ends, seriesWorkers, 1, 6, 0, 11, 3971279, NO TRIGGER, 0
Reaction starts, seriesWorkers, 1, 6, 0, 11, 3971728, NO TRIGGER, 0
Reaction ends, seriesWorkers, 1, 6, 0, 11, 3971833, NO TRIGGER, 0
Reaction starts, seriesWorkers, 1, 6, 0, 11, 3972117, NO TRIGGER, 0
Reaction ends, seriesWorkers, 1, 6, 0, 11, 3972240, NO TRIGGER, 0
Reaction starts, seriesWorkers, 1, 6, 0, 11, 3977997, NO TRIGGER, 0
Reaction ends, seriesWorkers, 1, 6, 0, 11, 3978334, NO TRIGGER, 0
Reaction starts, seriesWorkers.computer, 1, 6, 0, 11, 4011704, NO TRIGGER, 0
Reaction ends, seriesWorkers.computer, 1, 6, 0, 11, 4011931, NO TRIGGER, 0
Reaction starts, seriesWorkers.computer, 1, 6, 0, 11, 4012428, NO TRIGGER, 0
Reaction ends, seriesWorkers.computer, 1, 6, 0, 11, 4012605, NO TRIGGER, 0
Reaction starts, seriesWorkers.computer, 1, 6, 0, 11, 4013013, NO TRIGGER, 0
Reaction ends, seriesWorkers.computer, 1, 6, 0, 11, 4013144, NO TRIGGER, 0
Reaction starts, seriesWorkers.computer, 1, 6, 0, 11, 4013376, NO TRIGGER, 0
Reaction ends, seriesWorkers.computer, 1, 6, 0, 11, 4013551, NO TRIGGER, 0
Reaction starts, seriesWorkers.computer, 1, 6, 0, 11, 4014112, NO TRIGGER, 0
Reaction ends, seriesWorkers.computer, 1, 6, 0, 11, 4014248, NO TRIGGER, 0
Reaction starts, seriesWorkers.computer, 1, 6, 0, 11, 4014573, NO TRIGGER, 0
Reaction ends, seriesWorkers.computer, 1, 6, 0, 11, 4014776, NO TRIGGER, 0
Reaction starts, seriesWorkers.computer, 1, 6, 0, 11, 4015672, NO TRIGGER, 0
Reaction ends, seriesWorkers.computer, 1, 6, 0, 11, 4015901, NO TRIGGER, 0
Reaction starts, seriesWorkers, 2, 6, 0, 11, 4040088, NO TRIGGER, 0
Reaction ends, seriesWorkers, 2, 6, 0, 11, 4040458, NO TRIGGER, 0
Reaction starts, seriesWorkers, 2, 6, 0, 11, 4041708, NO TRIGGER, 0
Reaction ends, seriesWorkers, 2, 6, 0, 11, 4041945, NO TRIGGER, 0
Reaction starts, seriesWorkers, 2, 6, 0, 11, 4044538, NO TRIGGER, 0
Reaction ends, seriesWorkers, 2, 6, 0, 11, 4044865, NO TRIGGER, 0
Reaction starts, seriesWorkers, 2, 6, 0, 11, 4045458, NO TRIGGER, 0
Reaction ends, seriesWorkers, 2, 6, 0, 11, 4045778, NO TRIGGER, 0
Reaction starts, seriesWorkers, 2, 6, 0, 12, 4190301, NO TRIGGER, 0
Reaction ends, seriesWorkers, 2, 6, 0, 12, 4190524, NO TRIGGER, 0
Reaction starts, seriesWorkers, 2, 6, 0, 12, 4190887, NO TRIGGER, 0
Reaction ends, seriesWorkers, 2, 6, 0, 12, 4191021, NO TRIGGER, 0
Reaction starts, seriesWorkers, 2, 6, 0, 12, 4191317, NO TRIGGER, 0
Reaction ends, seriesWorkers, 2, 6, 0, 12, 4191397, NO TRIGGER, 0
Reaction starts, seriesWorkers, 2, 6, 0, 12, 4191714, NO TRIGGER, 0
Reaction ends, seriesWorkers, 2, 6, 0, 12, 4191847, NO TRIGGER, 0
Reaction starts, seriesWorkers, 2, 6, 0, 12, 4192131, NO TRIGGER, 0
Reaction ends, seriesWorkers, 2, 6, 0, 12, 4192297, NO TRIGGER, 0
Reaction starts, seriesWorkers, 2, 6, 0, 12, 4192671, NO TRIGGER, 0
Reaction ends, seriesWorkers, 2, 6, 0, 12, 4192784, NO TRIGGER, 0
Reaction starts, seriesWorkers, 2, 6, 0, 12, 4193071, NO TRIGGER, 0
Reaction ends, seriesWorkers, 2, 6, 0, 12, 4193254, NO TRIGGER, 0
Reaction starts, seriesWorkers, 2, 6, 0, 12, 4193491, NO TRIGGER, 0
Reaction ends, seriesWorkers, 2, 6, 0, 12, 4193637, NO TRIGGER, 0
Reaction starts, seriesWorkers, 2, 6, 0, 12, 4193901, NO TRIGGER, 0
Reaction ends, seriesWorkers, 2, 6, 0, 12, 4193991, NO TRIGGER, 0
Reaction starts, seriesWorkers, 2, 6, 0, 12, 4194244, NO TRIGGER, 0
Reaction ends, seriesWorkers, 2, 6, 0, 12, 4194394, NO TRIGGER, 0
Reaction starts, seriesWorkers, 1, 7, 0, 2, 2290952, NO TRIGGER, 0
Reaction ends, seriesWorkers, 1, 7, 0, 2, 2291398, NO TRIGGER, 0
Reaction starts, seriesWorkers, 1, 7, 0, 2, 2297028, NO TRIGGER, 0
Reaction ends, seriesWorkers, 1, 7, 0, 2, 2297465, NO TRIGGER, 0
Reaction starts, seriesWorkers.computer, 1, 7, 0, 6, 3122068, NO TRIGGER, 0
Reaction ends, seriesWorkers.computer, 1, 7, 0, 6, 3122411, NO TRIGGER, 0
Reaction starts, seriesWorkers.computer, 1, 7, 0, 6, 3123121, NO TRIGGER, 0
Reaction ends, seriesWorkers.computer, 1, 7, 0, 6, 3123371, NO TRIGGER, 0
Reaction starts, seriesWorkers.computer, 1, 7, 0, 6, 3124381, NO TRIGGER, 0
Reaction ends, seriesWorkers.computer, 1, 7, 0, 6, 3124734, NO TRIGGER, 0
Reaction starts, seriesWorkers.computer, 1, 7, 0, 6, 3127528, NO TRIGGER, 0
Reaction ends, seriesWorkers.computer, 1, 7, 0, 6, 3127834, NO TRIGGER, 0
Reaction starts, seriesWorkers, 2, 7, 0, 7, 3280300, NO TRIGGER, 0
Reaction ends, seriesWorkers, 2, 7, 0, 7, 3280490, NO TRIGGER, 0
Reaction starts, seriesWorkers, 2, 7, 0, 7, 3280913, NO TRIGGER, 0
Reaction ends, seriesWorkers, 2, 7, 0, 7, 3281020, NO TRIGGER, 0
Reaction starts, seriesWorkers, 2, 7, 0, 7, 3281313, NO TRIGGER, 0
Reaction ends, seriesWorkers, 2, 7, 0, 7, 3281463, NO TRIGGER, 0
Reaction starts, seriesWorkers, 2, 7, 0, 7, 3281753, NO TRIGGER, 0
Reaction ends, seriesWorkers, 2, 7, 0, 7, 3281907, NO TRIGGER, 0
Reaction starts, seriesWorkers.computer, 1, 7, 0, 9, 3628272, NO TRIGGER, 0
Reaction ends, seriesWorkers.computer, 1, 7, 0, 9, 3629132, NO TRIGGER, 0
Reaction starts, seriesWorkers.computer, 1, 7, 0, 10, 3814755, NO TRIGGER, 0
Reaction ends, seriesWorkers.computer, 1, 7, 0, 10, 3815235, NO TRIGGER, 0
Reaction starts, seriesWorkers, 1, 7, 0, 12, 4132330, NO TRIGGER, 0
Reaction ends, seriesWorkers, 1, 7, 0, 12, 4132640, NO TRIGGER, 0
Reaction starts, seriesWorkers, 1, 7, 0, 12, 4133753, NO TRIGGER, 0
Reaction ends, seriesWorkers, 1, 7, 0, 12, 4134060, NO TRIGGER, 0
Reaction starts, seriesWorkers, 1, 7, 0, 12, 4135320, NO TRIGGER, 0
Reaction ends, seriesWorkers, 1, 7, 0, 12, 4135770, NO TRIGGER, 0
Reaction starts, seriesWorkers, 1, 7, 0, 13, 4257265, NO TRIGGER, 0
Reaction ends, seriesWorkers, 1, 7, 0, 13, 4257812, NO TRIGGER, 0
Reaction starts, seriesWorkers, 1, 7, 0, 13, 4258965, NO TRIGGER, 0
Reaction ends, seriesWorkers, 1, 7, 0, 13, 4259212, NO TRIGGER, 0
Reaction starts, seriesWorkers, 1, 7, 0, 13, 4262685, NO TRIGGER, 0
Reaction ends, seriesWorkers, 1, 7, 0, 13, 4262995, NO TRIGGER, 0
Reaction starts, seriesWorkers.computer, 1, 7, 0, 13, 4283685, NO TRIGGER, 0
Reaction ends, seriesWorkers.computer, 1, 7, 0, 13, 4283982, NO TRIGGER, 0
Reaction starts, seriesWorkers.computer, 1, 7, 0, 13, 4284638, NO TRIGGER, 0
Reaction ends, seriesWorkers.computer, 1, 7, 0, 13, 4284862, NO TRIGGER, 0
Reaction starts, seriesWorkers.computer, 1, 7, 0, 13, 4285578, NO TRIGGER, 0
Reaction ends, seriesWorkers.computer, 1, 7, 0, 13, 4285792, NO TRIGGER, 0
Reaction starts, seriesWorkers.computer, 1, 7, 0, 13, 4286482, NO TRIGGER, 0
Reaction ends, seriesWorkers.computer, 1, 7, 0, 13, 4286772, NO TRIGGER, 0
Reaction starts, seriesWorkers.computer, 1, 7, 0, 13, 4287679, NO TRIGGER, 0
Reaction ends, seriesWorkers.computer, 1, 7, 0, 13, 4287975, NO TRIGGER, 0
Reaction starts, seriesWorkers.computer, 1, 7, 0, 13, 4288865, NO TRIGGER, 0
Reaction ends, seriesWorkers.computer, 1, 7, 0, 13, 4289159, NO TRIGGER, 0
Reaction starts, seriesWorkers, 2, 7, 0, 13, 4305949, NO TRIGGER, 0
Reaction ends, seriesWorkers, 2, 7, 0, 13, 4306079, NO TRIGGER, 0
Reaction starts, seriesWorkers, 2, 7, 0, 13, 4309396, NO TRIGGER, 0
Reaction ends, seriesWorkers, 2, 7, 0, 13, 4309576, NO TRIGGER, 0
Reaction starts, seriesWorkers, 2, 7, 0, 13, 4311596, NO TRIGGER, 0
Reaction ends, seriesWorkers, 2, 7, 0, 13, 4311736, NO TRIGGER, 0
Reaction starts, runner, 2, 8, 0, 2, 2412080, NO TRIGGER, 0
Reaction ends, runner, 2, 8, 0, 2, 2422230, NO TRIGGER, 0
Reaction starts, runner, 1, 8, 0, 3, 2426367, NO TRIGGER, 0
Reaction ends, runner, 1, 8, 0, 3, 2426864, NO TRIGGER, 0
Reaction starts, manager, 1, 8, 0, 3, 2464631, NO TRIGGER, 0
Reaction ends, manager, 1, 8, 0, 3, 2465468, NO TRIGGER, 0
Reaction starts, seriesWorkers, 0, 8, 0, 3, 2470868, NO TRIGGER, 0
Reaction ends, seriesWorkers, 0, 8, 0, 3, 2471168, NO TRIGGER, 0
Reaction starts, seriesWorkers, 0, 8, 0, 3, 2471901, NO TRIGGER, 0
Reaction ends, seriesWorkers, 0, 8, 0, 3, 2472045, NO TRIGGER, 0
Reaction starts, seriesWorkers, 0, 8, 0, 3, 2472698, NO TRIGGER, 0
Reaction ends, seriesWorkers, 0, 8, 0, 3, 2472875, NO TRIGGER, 0
Reaction starts, seriesWorkers, 1, 8, 0, 3, 2493075, NO TRIGGER, 0
Reaction ends, seriesWorkers, 1, 8, 0, 3, 2493378, NO TRIGGER, 0
Reaction starts, seriesWorkers, 1, 8, 0, 3, 2494355, NO TRIGGER, 0
Reaction ends, seriesWorkers, 1, 8, 0, 3, 2494541, NO TRIGGER, 0
Reaction starts, seriesWorkers.computer, 1, 8, 0, 3, 2532985, NO TRIGGER, 0
Reaction ends, seriesWorkers.computer, 1, 8, 0, 3, 2533382, NO TRIGGER, 0
Reaction starts, seriesWorkers.computer, 1, 8, 0, 3, 2534642, NO TRIGGER, 0
Reaction ends, seriesWorkers.computer, 1, 8, 0, 3, 2535032, NO TRIGGER, 0
Reaction starts, manager, 1, 8, 0, 4, 2672651, NO TRIGGER, 0
Reaction ends, manager, 1, 8, 0, 4, 2675008, NO TRIGGER, 0
Reaction starts, seriesWorkers, 0, 8, 0, 4, 2679488, NO TRIGGER, 0
Reaction ends, seriesWorkers, 0, 8, 0, 4, 2679818, NO TRIGGER, 0
Reaction starts, seriesWorkers.computer, 1, 8, 0, 5, 2911864, NO TRIGGER, 0
Reaction ends, seriesWorkers.computer, 1, 8, 0, 5, 2912201, NO TRIGGER, 0
Reaction starts, seriesWorkers.computer, 1, 8, 0, 5, 2912974, NO TRIGGER, 0
Reaction ends, seriesWorkers.computer, 1, 8, 0, 5, 2913164, NO TRIGGER, 0
Reaction starts, seriesWorkers.computer, 1, 8, 0, 5, 2913761, NO TRIGGER, 0
Reaction ends, seriesWorkers.computer, 1, 8, 0, 5, 2913988, NO TRIGGER, 0
Reaction starts, seriesWorkers.computer, 1, 8, 0, 5, 2914471, NO TRIGGER, 0
Reaction ends, seriesWorkers.computer, 1, 8, 0, 5, 2914624, NO TRIGGER, 0
Reaction starts, seriesWorkers.computer, 1, 8, 0, 5, 2915538, NO TRIGGER, 0
Reaction ends, seriesWorkers.computer, 1, 8, 0, 5, 2915811, NO TRIGGER, 0
Reaction starts, seriesWorkers.computer, 1, 8, 0, 5, 2917181, NO TRIGGER, 0
Reaction ends, seriesWorkers.computer, 1, 8, 0, 5, 2917461, NO TRIGGER, 0
Reaction starts, seriesWorkers, 2, 8, 0, 14, 4480572, NO TRIGGER, 0
Reaction ends, seriesWorkers, 2, 8, 0, 14, 4480815, NO TRIGGER, 0
Reaction starts, seriesWorkers, 2, 8, 0, 14, 4481106, NO TRIGGER, 0
Reaction ends, seriesWorkers, 2, 8, 0, 14, 4481286, NO TRIGGER, 0
Reaction starts, seriesWorkers, 2, 8, 0, 14, 4481642, NO TRIGGER, 0
Reaction ends, seriesWorkers, 2, 8, 0, 14, 4481909, NO TRIGGER, 0
Reaction starts, seriesWorkers, 2, 8, 0, 14, 4483390, NO TRIGGER, 0
Reaction ends, seriesWorkers, 2, 8, 0, 14, 4483608, NO TRIGGER, 0
Reaction starts, seriesWorkers, 1, 8, 0, 15, 4610657, NO TRIGGER, 0
Reaction ends, seriesWorkers, 1, 8, 0, 15, 4611174, NO TRIGGER, 0
Reaction starts, seriesWorkers, 1, 8, 0, 15, 4613520, NO TRIGGER, 0
Reaction ends, seriesWorkers, 1, 8, 0, 15, 4613859, NO TRIGGER, 0
Reaction starts, seriesWorkers, 2, 9, 0, 5, 2943900, NO TRIGGER, 0
Reaction ends, seriesWorkers, 2, 9, 0, 5, 2944013, NO TRIGGER, 0
Reaction starts, seriesWorkers, 2, 9, 0, 5, 2944263, NO TRIGGER, 0
Reaction ends, seriesWorkers, 2, 9, 0, 5, 2944356, NO TRIGGER, 0
Reaction starts, seriesWorkers, 2, 9, 0, 5, 2944531, NO TRIGGER, 0
Reaction ends, seriesWorkers, 2, 9, 0, 5, 2944568, NO TRIGGER, 0
Reaction starts, seriesWorkers, 2, 9, 0, 5, 2944786, NO TRIGGER, 0
Reaction ends, seriesWorkers, 2, 9, 0, 5, 2944868, NO TRIGGER, 0
Reaction starts, seriesWorkers, 2, 9, 0, 5, 2946626, NO TRIGGER, 0
Reaction ends, seriesWorkers, 2, 9, 0, 5, 2946759, NO TRIGGER, 0
Reaction starts, seriesWorkers, 2, 9, 0, 5, 2946988, NO TRIGGER, 0
Reaction ends, seriesWorkers, 2, 9, 0, 5, 2947025, NO TRIGGER, 0
Reaction starts, seriesWorkers, 2, 9, 0, 5, 2947196, NO TRIGGER, 0
Reaction ends, seriesWorkers, 2, 9, 0, 5, 2947316, NO TRIGGER, 0
Reaction starts, seriesWorkers, 2, 9, 0, 5, 2947488, NO TRIGGER, 0
Reaction ends, seriesWorkers, 2, 9, 0, 5, 2947582, NO TRIGGER, 0
Reaction starts, seriesWorkers, 2, 9, 0, 5, 2947971, NO TRIGGER, 0
Reaction ends, seriesWorkers, 2, 9, 0, 5, 2948099, NO TRIGGER, 0
Reaction starts, seriesWorkers, 0, 9, 0, 6, 3045826, NO TRIGGER, 0
Reaction ends, seriesWorkers, 0, 9, 0, 6, 3045930, NO TRIGGER, 0
Reaction starts, seriesWorkers, 0, 9, 0, 6, 3046259, NO TRIGGER, 0
Reaction ends, seriesWorkers, 0, 9, 0, 6, 3046339, NO TRIGGER, 0
Reaction starts, seriesWorkers, 0, 9, 0, 6, 3046497, NO TRIGGER, 0
Reaction ends, seriesWorkers, 0, 9, 0, 6, 3046549, NO TRIGGER, 0
Reaction starts, seriesWorkers, 0, 9, 0, 6, 3049214, NO TRIGGER, 0
Reaction ends, seriesWorkers, 0, 9, 0, 6, 3049327, NO TRIGGER, 0
Reaction starts, seriesWorkers, 1, 9, 0, 8, 3410531, NO TRIGGER, 0
Reaction ends, seriesWorkers, 1, 9, 0, 8, 3410649, NO TRIGGER, 0
Reaction starts, seriesWorkers, 1, 9, 0, 8, 3412549, NO TRIGGER, 0
Reaction ends, seriesWorkers, 1, 9, 0, 8, 3412849, NO TRIGGER, 0
Reaction starts, seriesWorkers, 1, 9, 0, 9, 3598236, NO TRIGGER, 0
Reaction ends, seriesWorkers, 1, 9, 0, 9, 3598578, NO TRIGGER, 0
Reaction starts, seriesWorkers.computer, 1, 9, 0, 11, 4014178, NO TRIGGER, 0
Reaction ends, seriesWorkers.computer, 1, 9, 0, 11, 4014424, NO TRIGGER, 0
Reaction starts, seriesWorkers.computer, 1, 9, 0, 11, 4015501, NO TRIGGER, 0
Reaction ends, seriesWorkers.computer, 1, 9, 0, 11, 4015928, NO TRIGGER, 0
Reaction starts, runner, 2, 10, 0, 8, 3469980, NO TRIGGER, 0
Reaction ends, runner, 2, 10, 0, 8, 3478693, NO TRIGGER, 0
Reaction starts, runner, 1, 10, 0, 9, 3482193, NO TRIGGER, 0
Reaction ends, runner, 1, 10, 0, 9, 3482593, NO TRIGGER, 0
Reaction starts, manager, 1, 10, 0, 9, 3541204, NO TRIGGER, 0
Reaction ends, manager, 1, 10, 0, 9, 3542894, NO TRIGGER, 0
Reaction starts, seriesWorkers, 0, 10, 0, 9, 3546297, NO TRIGGER, 0
Reaction ends, seriesWorkers, 0, 10, 0, 9, 3546627, NO TRIGGER, 0
Reaction starts, seriesWorkers, 0, 10, 0, 9, 3551457, NO TRIGGER, 0
Reaction ends, seriesWorkers, 0, 10, 0, 9, 3551724, NO TRIGGER, 0
Reaction starts, seriesWorkers, 1, 10, 0, 9, 3597225, NO TRIGGER, 0
Reaction ends, seriesWorkers, 1, 10, 0, 9, 3597595, NO TRIGGER, 0
Reaction starts, seriesWorkers, 1, 10, 0, 9, 3599008, NO TRIGGER, 0
Reaction ends, seriesWorkers, 1, 10, 0, 9, 3599505, NO TRIGGER, 0
Reaction starts, seriesWorkers.computer, 1, 10, 0, 9, 3621728, NO TRIGGER, 0
Reaction ends, seriesWorkers.computer, 1, 10, 0, 9, 3622128, NO TRIGGER, 0
Reaction starts, seriesWorkers.computer, 1, 10, 0, 9, 3629502, NO TRIGGER, 0
Reaction ends, seriesWorkers.computer, 1, 10, 0, 9, 3629915, NO TRIGGER, 0
Reaction starts, seriesWorkers, 2, 10, 0, 9, 3680529, NO TRIGGER, 0
Reaction ends, seriesWorkers, 2, 10, 0, 9, 3680779, NO TRIGGER, 0
Reaction starts, seriesWorkers, 1, 10, 0, 10, 3786512, NO TRIGGER, 0
Reaction ends, seriesWorkers, 1, 10, 0, 10, 3786769, NO TRIGGER, 0
Reaction starts, seriesWorkers, 1, 10, 0, 10, 3787457, NO TRIGGER, 0
Reaction ends, seriesWorkers, 1, 10, 0, 10, 3787602, NO TRIGGER, 0
Reaction starts, seriesWorkers, 1, 10, 0, 10, 3787939, NO TRIGGER, 0
Reaction ends, seriesWorkers, 1, 10, 0, 10, 3788072, NO TRIGGER, 0
Reaction starts, seriesWorkers, 1, 10, 0, 10, 3788439, NO TRIGGER, 0
Reaction ends, seriesWorkers, 1, 10, 0, 10, 3788562, NO TRIGGER, 0
Reaction starts, seriesWorkers, 1, 10, 0, 10, 3789122, NO TRIGGER, 0
Reaction ends, seriesWorkers, 1, 10, 0, 10, 3789461, NO TRIGGER, 0
Reaction starts, seriesWorkers.computer, 1, 10, 0, 10, 3808635, NO TRIGGER, 0
Reaction ends, seriesWorkers.computer, 1, 10, 0, 10, 3808935, NO TRIGGER, 0
Reaction starts, seriesWorkers.computer, 1, 10, 0, 10, 3811682, NO TRIGGER, 0
Reaction ends, seriesWorkers.computer, 1, 10, 0, 10, 3811978, NO TRIGGER, 0
Reaction starts, seriesWorkers.computer, 1, 10, 0, 10, 3813038, NO TRIGGER, 0
Reaction ends, seriesWorkers.computer, 1, 10, 0, 10, 3813185, NO TRIGGER, 0
Reaction starts, runner, 2, 10, 0, 11, 4055555, NO TRIGGER, 0
Reaction ends, runner, 2, 10, 0, 11, 4059415, NO TRIGGER, 0
Reaction starts, runner, 1, 10, 0, 12, 4061515, NO TRIGGER, 0
Reaction ends, runner, 1, 10, 0, 12, 4061849, NO TRIGGER, 0
Reaction starts, manager, 1, 10, 0, 12, 4099849, NO TRIGGER, 0
Reaction ends, manager, 1, 10, 0, 12, 4100392, NO TRIGGER, 0
Reaction starts, seriesWorkers, 0, 10, 0, 12, 4102746, NO TRIGGER, 0
Reaction ends, seriesWorkers, 0, 10, 0, 12, 4102912, NO TRIGGER, 0
Reaction starts, seriesWorkers, 0, 10, 0, 12, 4103309, NO TRIGGER, 0
Reaction ends, seriesWorkers, 0, 10, 0, 12, 4103439, NO TRIGGER, 0
Reaction starts, seriesWorkers, 0, 10, 0, 12, 4103849, NO TRIGGER, 0
Reaction ends, seriesWorkers, 0, 10, 0, 12, 4104076, NO TRIGGER, 0
Reaction starts, seriesWorkers, 0, 10, 0, 12, 4106293, NO TRIGGER, 0
Reaction ends, seriesWorkers, 0, 10, 0, 12, 4106459, NO TRIGGER, 0
Reaction starts, seriesWorkers, 2, 10, 0, 13, 4307809, NO TRIGGER, 0
Reaction ends, seriesWorkers, 2, 10, 0, 13, 4308032, NO TRIGGER, 0
Reaction starts, seriesWorkers, 2, 10, 0, 13, 4308552, NO TRIGGER, 0
Reaction ends, seriesWorkers, 2, 10, 0, 13, 4308869, NO TRIGGER, 0
Reaction starts, seriesWorkers, 2, 10, 0, 13, 4311222, NO TRIGGER, 0
Reaction ends, seriesWorkers, 2, 10, 0, 13, 4311419, NO TRIGGER, 0
Reaction starts, seriesWorkers, 2, 10, 0, 14, 4482958, NO TRIGGER, 0
Reaction ends, seriesWorkers, 2, 10, 0, 14, 4483108, NO TRIGGER, 0
Reaction starts, seriesWorkers, 1, 10, 0, 15, 4614260, NO TRIGGER, 0
Reaction ends, seriesWorkers, 1, 10, 0, 15, 4614557, NO TRIGGER, 0
Reaction starts, seriesWorkers, 2, 11, 0, 1, 2144973, NO TRIGGER, 0
Reaction ends, seriesWorkers, 2, 11, 0, 1, 2145246, NO TRIGGER, 0
Reaction starts, seriesWorkers, 2, 11, 0, 1, 2146000, NO TRIGGER, 0
Reaction ends, seriesWorkers, 2, 11, 0, 1, 2146183, NO TRIGGER, 0
Reaction starts, seriesWorkers, 2, 11, 0, 1, 2148633, NO TRIGGER, 0
Reaction ends, seriesWorkers, 2, 11, 0, 1, 2148903, NO TRIGGER, 0
Reaction starts, seriesWorkers, 1, 11, 0, 3, 2487681, NO TRIGGER, 0
Reaction ends, seriesWorkers, 1, 11, 0, 3, 2488001, NO TRIGGER, 0
Reaction starts, seriesWorkers, 1, 11, 0, 3, 2488881, NO TRIGGER, 0
Reaction ends, seriesWorkers, 1, 11, 0, 3, 2489065, NO TRIGGER, 0
Reaction starts, seriesWorkers, 1, 11, 0, 3, 2489888, NO TRIGGER, 0
Reaction ends, seriesWorkers, 1, 11, 0, 3, 2490188, NO TRIGGER, 0
Reaction starts, seriesWorkers, 1, 11, 0, 3, 2496815, NO TRIGGER, 0
Reaction ends, seriesWorkers, 1, 11, 0, 3, 2497141, NO TRIGGER, 0
Reaction starts, runner, 2, 11, 0, 3, 2624710, NO TRIGGER, 0
Reaction ends, runner, 2, 11, 0, 3, 2634180, NO TRIGGER, 0
Reaction starts, runner, 1, 11, 0, 4, 2637110, NO TRIGGER, 0
Reaction ends, runner, 1, 11, 0, 4, 2637417, NO TRIGGER, 0
Reaction starts, seriesWorkers, 0, 11, 0, 4, 2673674, NO TRIGGER, 0
Reaction ends, seriesWorkers, 0, 11, 0, 4, 2673831, NO TRIGGER, 0
Reaction starts, seriesWorkers, 0, 11, 0, 4, 2674374, NO TRIGGER, 0
Reaction ends, seriesWorkers, 0, 11, 0, 4, 2674504, NO TRIGGER, 0
Reaction starts, seriesWorkers, 0, 11, 0, 4, 2674788, NO TRIGGER, 0
Reaction ends, seriesWorkers, 0, 11, 0, 4, 2674914, NO TRIGGER, 0
Reaction starts, seriesWorkers, 0, 11, 0, 4, 2678934, NO TRIGGER, 0
Reaction ends, seriesWorkers, 0, 11, 0, 4, 2679218, NO TRIGGER, 0
Reaction starts, seriesWorkers, 1, 11, 0, 4, 2708668, NO TRIGGER, 0
Reaction ends, seriesWorkers, 1, 11, 0, 4, 2709145, NO TRIGGER, 0
Reaction starts, seriesWorkers.computer, 1, 11, 0, 4, 2741529, NO TRIGGER, 0
Reaction ends, seriesWorkers.computer, 1, 11, 0, 4, 2741819, NO TRIGGER, 0
Reaction starts, seriesWorkers.computer, 1, 11, 0, 4, 2743995, NO TRIGGER, 0
Reaction ends, seriesWorkers.computer, 1, 11, 0, 4, 2744309, NO TRIGGER, 0
Reaction starts, seriesWorkers.computer, 1, 11, 0, 4, 2745679, NO TRIGGER, 0
Reaction ends, seriesWorkers.computer, 1, 11, 0, 4, 2745965, NO TRIGGER, 0
Reaction starts, seriesWorkers, 0, 11, 0, 8, 3344928, NO TRIGGER, 0
Reaction ends, seriesWorkers, 0, 11, 0, 8, 3345143, NO TRIGGER, 0
Reaction starts, seriesWorkers, 0, 11, 0, 8, 3345542, NO TRIGGER, 0
Reaction ends, seriesWorkers, 0, 11, 0, 8, 3345687, NO TRIGGER, 0
Reaction starts, seriesWorkers, 0, 11, 0, 8, 3347978, NO TRIGGER, 0
Reaction ends, seriesWorkers, 0, 11, 0, 8, 3348234, NO TRIGGER, 0
Reaction starts, seriesWorkers, 0, 11, 0, 8, 3349462, NO TRIGGER, 0
Reaction ends, seriesWorkers, 0, 11, 0, 8, 3349666, NO TRIGGER, 0
Reaction starts, seriesWorkers.computer, 1, 11, 0, 10, 3813555, NO TRIGGER, 0
Reaction ends, seriesWorkers.computer, 1, 11, 0, 10, 3813848, NO TRIGGER, 0
Reaction starts, seriesWorkers.computer, 1, 11, 0, 10, 3816845, NO TRIGGER, 0
Reaction ends, seriesWorkers.computer, 1, 11, 0, 10, 3817145, NO TRIGGER, 0
Reaction starts, seriesWorkers.computer, 1, 11, 0, 12, 4154423, NO TRIGGER, 0
Reaction ends, seriesWorkers.computer, 1, 11, 0, 12, 4154870, NO TRIGGER, 0
Reaction starts, seriesWorkers.computer, 1, 11, 0, 12, 4159167, NO TRIGGER, 0
Reaction ends, seriesWorkers.computer, 1, 11, 0, 12, 4159600, NO TRIGGER, 0
Reaction starts, seriesWorkers, 2, 11, 0, 14, 4477791, NO TRIGGER, 0
Reaction ends, seriesWorkers, 2, 11, 0, 14, 4477978, NO TRIGGER, 0
Reaction starts, seriesWorkers, 2, 11, 0, 14, 4478245, NO TRIGGER, 0
Reaction ends, seriesWorkers, 2, 11, 0, 14, 4478391, NO TRIGGER, 0
Reaction starts, seriesWorkers, 2, 11, 0, 14, 4478675, NO TRIGGER, 0
Reaction ends, seriesWorkers, 2, 11, 0, 14, 4478755, NO TRIGGER, 0
Reaction starts, seriesWorkers, 2, 11, 0, 14, 4481358, NO TRIGGER, 0
Reaction ends, seriesWorkers, 2, 11, 0, 14, 4481595, NO TRIGGER, 0
Reaction starts, seriesWorkers, 2, 11, 0, 14, 4482261, NO TRIGGER, 0
Reaction ends, seriesWorkers, 2, 11, 0, 14, 4482421, NO TRIGGER, 0
Reaction starts, seriesWorkers.computer, 1, 11, 0, 15, 4660011, NO TRIGGER, 0
Reaction ends, seriesWorkers.computer, 1, 11, 0, 15, 4661061, NO TRIGGER, 0
Reaction starts, seriesWorkers, 1, 12, 0, 1, 2057888, NO TRIGGER, 0
Reaction ends, seriesWorkers, 1, 12, 0, 1, 2058962, NO TRIGGER, 0
Reaction starts, seriesWorkers, 1, 12, 0, 1, 2064025, NO TRIGGER, 0
Reaction ends, seriesWorkers, 1, 12, 0, 1, 2064442, NO TRIGGER, 0
Reaction starts, seriesWorkers, 1, 12, 0, 1, 2070022, NO TRIGGER, 0
Reaction ends, seriesWorkers, 1, 12, 0, 1, 2070532, NO TRIGGER, 0
Reaction starts, seriesWorkers, 0, 12, 0, 2, 2255350, NO TRIGGER, 0
Reaction ends, seriesWorkers, 0, 12, 0, 2, 2255571, NO TRIGGER, 0
Reaction starts, seriesWorkers, 0, 12, 0, 2, 2258478, NO TRIGGER, 0
Reaction ends, seriesWorkers, 0, 12, 0, 2, 2258655, NO TRIGGER, 0
Reaction starts, seriesWorkers, 2, 12, 0, 2, 2404650, NO TRIGGER, 0
Reaction ends, seriesWorkers, 2, 12, 0, 2, 2404850, NO TRIGGER, 0
Reaction starts, seriesWorkers, 0, 12, 0, 5, 2846773, NO TRIGGER, 0
Reaction ends, seriesWorkers, 0, 12, 0, 5, 2847183, NO TRIGGER, 0
Reaction starts, seriesWorkers, 0, 12, 0, 5, 2848003, NO TRIGGER, 0
Reaction ends, seriesWorkers, 0, 12, 0, 5, 2848340, NO TRIGGER, 0
Reaction starts, seriesWorkers, 0, 12, 0, 5, 2849147, NO TRIGGER, 0
Reaction ends, seriesWorkers, 0, 12, 0, 5, 2849474, NO TRIGGER, 0
Reaction starts, seriesWorkers, 2, 12, 0, 8, 3454669, NO TRIGGER, 0
Reaction ends, seriesWorkers, 2, 12, 0, 8, 3455029, NO TRIGGER, 0
Reaction starts, seriesWorkers, 2, 12, 0, 8, 3455646, NO TRIGGER, 0
Reaction ends, seriesWorkers, 2, 12, 0, 8, 3455973, NO TRIGGER, 0
Reaction starts, seriesWorkers, 2, 12, 0, 8, 3458653, NO TRIGGER, 0
Reaction ends, seriesWorkers, 2, 12, 0, 8, 3459563, NO TRIGGER, 0
Reaction starts, seriesWorkers, 0, 12, 0, 9, 3556354, NO TRIGGER, 0
Reaction ends, seriesWorkers, 0, 12, 0, 9, 3556517, NO TRIGGER, 0
Reaction starts, seriesWorkers, 1, 12, 0, 10, 3790651, NO TRIGGER, 0
Reaction ends, seriesWorkers, 1, 12, 0, 10, 3791605, NO TRIGGER, 0
Reaction starts, seriesWorkers, 1, 12, 0, 12, 4127766, NO TRIGGER, 0
Reaction ends, seriesWorkers, 1, 12, 0, 12, 4128200, NO TRIGGER, 0
Reaction starts, seriesWorkers, 1, 12, 0, 12, 4129556, NO TRIGGER, 0
Reaction ends, seriesWorkers, 1, 12, 0, 12, 4129756, NO TRIGGER, 0
Reaction starts, seriesWorkers, 1, 12, 0, 12, 4130460, NO TRIGGER, 0
Reaction ends, seriesWorkers, 1, 12, 0, 12, 4130733, NO TRIGGER, 0
Reaction starts, seriesWorkers, 1, 12, 0, 12, 4131500, NO TRIGGER, 0
Reaction ends, seriesWorkers, 1, 12, 0, 12, 4131706, NO TRIGGER, 0
Reaction starts, seriesWorkers, 1, 12, 0, 12, 4132553, NO TRIGGER, 0
Reaction ends, seriesWorkers, 1, 12, 0, 12, 4132920, NO TRIGGER, 0
Reaction starts, seriesWorkers, 1, 12, 0, 12, 4134166, NO TRIGGER, 0
Reaction ends, seriesWorkers, 1, 12, 0, 12, 4135080, NO TRIGGER, 0
Reaction starts, seriesWorkers.computer, 1, 12, 0, 12, 4153320, NO TRIGGER, 0
Reaction ends, seriesWorkers.computer, 1, 12, 0, 12, 4153526, NO TRIGGER, 0
Reaction starts, seriesWorkers.computer, 1, 12, 0, 12, 4154833, NO TRIGGER, 0
Reaction ends, seriesWorkers.computer, 1, 12, 0, 12, 4155260, NO TRIGGER, 0
Reaction starts, seriesWorkers.computer, 1, 12, 0, 12, 4156177, NO TRIGGER, 0
Reaction ends, seriesWorkers.computer, 1, 12, 0, 12, 4156503, NO TRIGGER, 0
Reaction starts, seriesWorkers.computer, 1, 12, 0, 12, 4157207, NO TRIGGER, 0
Reaction ends, seriesWorkers.computer, 1, 12, 0, 12, 4157407, NO TRIGGER, 0
Reaction starts, seriesWorkers.computer, 1, 12, 0, 12, 4157813, NO TRIGGER, 0
Reaction ends, seriesWorkers.computer, 1, 12, 0, 12, 4158043, NO TRIGGER, 0
Reaction starts, seriesWorkers.computer, 1, 12, 0, 12, 4158817, NO TRIGGER, 0
Reaction ends, seriesWorkers.computer, 1, 12, 0, 12, 4158967, NO TRIGGER, 0
Reaction starts, seriesWorkers.computer, 1, 12, 0, 12, 4161500, NO TRIGGER, 0
Reaction ends, seriesWorkers.computer, 1, 12, 0, 12, 4161797, NO TRIGGER, 0
Reaction starts, seriesWorkers.computer, 1, 12, 0, 14, 4463838, NO TRIGGER, 0
Reaction ends, seriesWorkers.computer, 1, 12, 0, 14, 4464258, NO TRIGGER, 0
Reaction starts, seriesWorkers, 1, 12, 0, 15, 4608210, NO TRIGGER, 0
Reaction ends, seriesWorkers, 1, 12, 0, 15, 4608647, NO TRIGGER, 0
Reaction starts, seriesWorkers, 1, 12, 0, 15, 4610497, NO TRIGGER, 0
Reaction ends, seriesWorkers, 1, 12, 0, 15, 4611127, NO TRIGGER, 0
Reaction starts, seriesWorkers, 0, 13, 0, 3, 2469618, NO TRIGGER, 0
Reaction ends, seriesWorkers, 0, 13, 0, 3, 2469888, NO TRIGGER, 0
Reaction starts, seriesWorkers, 0, 13, 0, 3, 2470468, NO TRIGGER, 0
Reaction ends, seriesWorkers, 0, 13, 0, 3, 2470628, NO TRIGGER, 0
Reaction starts, seriesWorkers, 0, 13, 0, 3, 2470915, NO TRIGGER, 0
Reaction ends, seriesWorkers, 0, 13, 0, 3, 2471078, NO TRIGGER, 0
Reaction starts, seriesWorkers, 0, 13, 0, 3, 2471488, NO TRIGGER, 0
Reaction ends, seriesWorkers, 0, 13, 0, 3, 2471628, NO TRIGGER, 0
Reaction starts, seriesWorkers, 0, 13, 0, 3, 2472401, NO TRIGGER, 0
Reaction ends, seriesWorkers, 0, 13, 0, 3, 2472555, NO TRIGGER, 0
Reaction starts, seriesWorkers, 0, 13, 0, 3, 2473361, NO TRIGGER, 0
Reaction ends, seriesWorkers, 0, 13, 0, 3, 2473491, NO TRIGGER, 0
Reaction starts, seriesWorkers, 1, 13, 0, 3, 2489325, NO TRIGGER, 0
Reaction ends, seriesWorkers, 1, 13, 0, 3, 2489641, NO TRIGGER, 0
Reaction starts, seriesWorkers, 1, 13, 0, 3, 2490471, NO TRIGGER, 0
Reaction ends, seriesWorkers, 1, 13, 0, 3, 2490775, NO TRIGGER, 0
Reaction starts, seriesWorkers, 1, 13, 0, 3, 2492005, NO TRIGGER, 0
Reaction ends, seriesWorkers, 1, 13, 0, 3, 2492285, NO TRIGGER, 0
Reaction starts, seriesWorkers.computer, 1, 13, 0, 4, 2740412, NO TRIGGER, 0
Reaction ends, seriesWorkers.computer, 1, 13, 0, 4, 2740782, NO TRIGGER, 0
Reaction starts, seriesWorkers.computer, 1, 13, 0, 4, 2745839, NO TRIGGER, 0
Reaction ends, seriesWorkers.computer, 1, 13, 0, 4, 2746259, NO TRIGGER, 0
Reaction starts, seriesWorkers, 2, 13, 0, 4, 2783403, NO TRIGGER, 0
Reaction ends, seriesWorkers, 2, 13, 0, 4, 2783599, NO TRIGGER, 0
Reaction starts, seriesWorkers, 2, 13, 0, 4, 2787566, NO TRIGGER, 0
Reaction ends, seriesWorkers, 2, 13, 0, 4, 2787743, NO TRIGGER, 0
Reaction starts, seriesWorkers, 2, 13, 0, 4, 2790163, NO TRIGGER, 0
Reaction ends, seriesWorkers, 2, 13, 0, 4, 2790373, NO TRIGGER, 0
Reaction starts, seriesWorkers, 0, 13, 0, 6, 3047660, NO TRIGGER, 0
Reaction ends, seriesWorkers, 0, 13, 0, 6, 3048030, NO TRIGGER, 0
Reaction starts, seriesWorkers.computer, 1, 13, 0, 7, 3252310, NO TRIGGER, 0
Reaction ends, seriesWorkers.computer, 1, 13, 0, 7, 3252686, NO TRIGGER, 0
Reaction starts, seriesWorkers.computer, 1, 13, 0, 7, 3253666, NO TRIGGER, 0
Reaction ends, seriesWorkers.computer, 1, 13, 0, 7, 3253926, NO TRIGGER, 0
Reaction starts, seriesWorkers, 2, 13, 0, 7, 3284357, NO TRIGGER, 0
Reaction ends, seriesWorkers, 2, 13, 0, 7, 3285217, NO TRIGGER, 0
Reaction starts, seriesWorkers, 2, 13, 0, 8, 3457759, NO TRIGGER, 0
Reaction ends, seriesWorkers, 2, 13, 0, 8, 3458109, NO TRIGGER, 0
Reaction starts, seriesWorkers, 2, 13, 0, 8, 3458836, NO TRIGGER, 0
Reaction ends, seriesWorkers, 2, 13, 0, 8, 3459176, NO TRIGGER, 0
Reaction starts, seriesWorkers, 2, 13, 0, 8, 3459670, NO TRIGGER, 0
Reaction ends, seriesWorkers, 2, 13, 0, 8, 3460036, NO TRIGGER, 0
Reaction starts, seriesWorkers, 1, 13, 0, 9, 3590149, NO TRIGGER, 0
Reaction ends, seriesWorkers, 1, 13, 0, 9, 3590461, NO TRIGGER, 0
Reaction starts, seriesWorkers, 1, 13, 0, 9, 3591996, NO TRIGGER, 0
Reaction ends, seriesWorkers, 1, 13, 0, 9, 3592338, NO TRIGGER, 0
Reaction starts, seriesWorkers, 1, 13, 0, 9, 3593891, NO TRIGGER, 0
Reaction ends, seriesWorkers, 1, 13, 0, 9, 3594069, NO TRIGGER, 0
Reaction starts, seriesWorkers, 0, 14, 0, 5, 2844047, NO TRIGGER, 0
Reaction ends, seriesWorkers, 0, 14, 0, 5, 2844253, NO TRIGGER, 0
Reaction starts, seriesWorkers, 0, 14, 0, 5, 2844617, NO TRIGGER, 0
Reaction ends, seriesWorkers, 0, 14, 0, 5, 2844727, NO TRIGGER, 0
Reaction starts, seriesWorkers, 0, 14, 0, 5, 2846853, NO TRIGGER, 0
Reaction ends, seriesWorkers, 0, 14, 0, 5, 2846997, NO TRIGGER, 0
Reaction starts, seriesWorkers, 0, 14, 0, 5, 2847650, NO TRIGGER, 0
Reaction ends, seriesWorkers, 0, 14, 0, 5, 2847783, NO TRIGGER, 0
Reaction starts, seriesWorkers, 0, 14, 0, 5, 2848367, NO TRIGGER, 0
Reaction ends, seriesWorkers, 0, 14, 0, 5, 2848513, NO TRIGGER, 0
Reaction starts, seriesWorkers, 2, 14, 0, 5, 2947488, NO TRIGGER, 0
Reaction ends, seriesWorkers, 2, 14, 0, 5, 2947775, NO TRIGGER, 0
Reaction starts, seriesWorkers.computer, 1, 14, 0, 8, 3440708, NO TRIGGER, 0
Reaction ends, seriesWorkers.computer, 1, 14, 0, 8, 3441038, NO TRIGGER, 0
Reaction starts, seriesWorkers.computer, 1, 14, 0, 10, 3812743, NO TRIGGER, 0
Reaction ends, seriesWorkers.computer, 1, 14, 0, 10, 3813078, NO TRIGGER, 0
Reaction starts, seriesWorkers, 2, 14, 0, 15, 4702642, NO TRIGGER, 0
Reaction ends, seriesWorkers, 2, 14, 0, 15, 4702992, NO TRIGGER, 0
Reaction starts, seriesWorkers, 2, 14, 0, 15, 4706008, NO TRIGGER, 0
Reaction ends, seriesWorkers, 2, 14, 0, 15, 4706308, NO TRIGGER, 0
Reaction starts, runner, 2, 14, 0, 15, 4714975, NO TRIGGER, 0
Reaction ends, runner, 2, 14, 0, 15, 4720522, NO TRIGGER, 0
Reaction starts, runner, 3, 14, 0, 15, 4721275, NO TRIGGER, 0
Reaction ends, runner, 3, 14, 0, 15, 4768946, NO TRIGGER, 0
Reaction starts, seriesWorkers.computer, 1, 15, 0, 1, 2114159, NO TRIGGER, 0
Reaction ends, seriesWorkers.computer, 1, 15, 0, 1, 2114676, NO TRIGGER, 0
Reaction starts, seriesWorkers, 2, 15, 0, 2, 2402040, NO TRIGGER, 0
Reaction ends, seriesWorkers, 2, 15, 0, 2, 2402334, NO TRIGGER, 0
Reaction starts, seriesWorkers, 2, 15, 0, 2, 2403314, NO TRIGGER, 0
Reaction ends, seriesWorkers, 2, 15, 0, 2, 2403470, NO TRIGGER, 0
Reaction starts, seriesWorkers.computer, 1, 15, 0, 7, 3255406, NO TRIGGER, 0
Reaction ends, seriesWorkers.computer, 1, 15, 0, 7, 3255840, NO TRIGGER, 0
Reaction starts, seriesWorkers, 0, 15, 0, 10, 3746584, NO TRIGGER, 0
Reaction ends, seriesWorkers, 0, 15, 0, 10, 3746744, NO TRIGGER, 0
Reaction starts, seriesWorkers, 2, 15, 0, 11, 4048818, NO TRIGGER, 0
Reaction ends, seriesWorkers, 2, 15, 0, 11, 4049192, NO TRIGGER, 0
Reaction starts, manager, 1, 16, 0, 2, 2250090, NO TRIGGER, 0
Reaction ends, manager, 1, 16, 0, 2, 2251189, NO TRIGGER, 0
Reaction starts, seriesWorkers, 0, 16, 0, 2, 2253903, NO TRIGGER, 0
Reaction ends, seriesWorkers, 0, 16, 0, 2, 2254106, NO TRIGGER, 0
Reaction starts, seriesWorkers, 0, 16, 0, 2, 2254360, NO TRIGGER, 0
Reaction ends, seriesWorkers, 0, 16, 0, 2, 2254491, NO TRIGGER, 0
Reaction starts, seriesWorkers, 0, 16, 0, 2, 2254725, NO TRIGGER, 0
Reaction ends, seriesWorkers, 0, 16, 0, 2, 2254814, NO TRIGGER, 0
Reaction starts, seriesWorkers, 0, 16, 0, 2, 2255069, NO TRIGGER, 0
Reaction ends, seriesWorkers, 0, 16, 0, 2, 2255158, NO TRIGGER, 0
Reaction starts, seriesWorkers, 0, 16, 0, 2, 2255350, NO TRIGGER, 0
Reaction ends, seriesWorkers, 0, 16, 0, 2, 2255480, NO TRIGGER, 0
Reaction starts, seriesWorkers, 0, 16, 0, 2, 2256859, NO TRIGGER, 0
Reaction ends, seriesWorkers, 0, 16, 0, 2, 2257102, NO TRIGGER, 0
Reaction starts, seriesWorkers.computer, 1, 16, 0, 3, 2528935, NO TRIGGER, 0
Reaction ends, seriesWorkers.computer, 1, 16, 0, 3, 2529262, NO TRIGGER, 0
Reaction starts, seriesWorkers.computer, 1, 16, 0, 3, 2533469, NO TRIGGER, 0
Reaction ends, seriesWorkers.computer, 1, 16, 0, 3, 2533759, NO TRIGGER, 0
Reaction starts, seriesWorkers, 0, 16, 0, 4, 2677208, NO TRIGGER, 0
Reaction ends, seriesWorkers, 0, 16, 0, 4, 2677381, NO TRIGGER, 0
Reaction starts, seriesWorkers, 0, 16, 0, 4, 2678238, NO TRIGGER, 0
Reaction ends, seriesWorkers, 0, 16, 0, 4, 2678371, NO TRIGGER, 0
Reaction starts, seriesWorkers, 0, 16, 0, 4, 2678708, NO TRIGGER, 0
Reaction ends, seriesWorkers, 0, 16, 0, 4, 2678844, NO TRIGGER, 0
Reaction starts, seriesWorkers, 0, 16, 0, 4, 2679131, NO TRIGGER, 0
Reaction ends, seriesWorkers, 0, 16, 0, 4, 2679284, NO TRIGGER, 0
Reaction starts, seriesWorkers, 1, 16, 0, 4, 2705185, NO TRIGGER, 0
Reaction ends, seriesWorkers, 1, 16, 0, 4, 2705467, NO TRIGGER, 0
Reaction starts, seriesWorkers, 1, 16, 0, 4, 2708479, NO TRIGGER, 0
Reaction ends, seriesWorkers, 1, 16, 0, 4, 2708793, NO TRIGGER, 0
Reaction starts, seriesWorkers, 1, 16, 0, 4, 2709583, NO TRIGGER, 0
Reaction ends, seriesWorkers, 1, 16, 0, 4, 2710137, NO TRIGGER, 0
Reaction starts, seriesWorkers.computer, 1, 16, 0, 5, 2915086, NO TRIGGER, 0
Reaction ends, seriesWorkers.computer, 1, 16, 0, 5, 2915319, NO TRIGGER, 0
Reaction starts, seriesWorkers.computer, 1, 16, 0, 5, 2916040, NO TRIGGER, 0
Reaction ends, seriesWorkers.computer, 1, 16, 0, 5, 2916272, NO TRIGGER, 0
Reaction starts, seriesWorkers.computer, 1, 16, 0, 5, 2918000, NO TRIGGER, 0
Reaction ends, seriesWorkers.computer, 1, 16, 0, 5, 2918229, NO TRIGGER, 0
Reaction starts, seriesWorkers, 1, 16, 0, 6, 3088130, NO TRIGGER, 0
Reaction ends, seriesWorkers, 1, 16, 0, 6, 3088439, NO TRIGGER, 0
Reaction starts, seriesWorkers, 1, 16, 0, 6, 3089276, NO TRIGGER, 0
Reaction ends, seriesWorkers, 1, 16, 0, 6, 3089462, NO TRIGGER, 0
Reaction starts, seriesWorkers, 1, 16, 0, 6, 3089799, NO TRIGGER, 0
Reaction ends, seriesWorkers, 1, 16, 0, 6, 3089934, NO TRIGGER, 0
Reaction starts, seriesWorkers, 1, 16, 0, 6, 3090286, NO TRIGGER, 0
Reaction ends, seriesWorkers, 1, 16, 0, 6, 3090390, NO TRIGGER, 0
Reaction starts, seriesWorkers, 1, 16, 0, 6, 3090981, NO TRIGGER, 0
Reaction ends, seriesWorkers, 1, 16, 0, 6, 3091231, NO TRIGGER, 0
Reaction starts, seriesWorkers, 1, 16, 0, 6, 3091645, NO TRIGGER, 0
Reaction ends, seriesWorkers, 1, 16, 0, 6, 3091972, NO TRIGGER, 0
Reaction starts, seriesWorkers, 1, 16, 0, 6, 3092330, NO TRIGGER, 0
Reaction ends, seriesWorkers, 1, 16, 0, 6, 3092754, NO TRIGGER, 0
Reaction starts, seriesWorkers, 1, 16, 0, 6, 3093757, NO TRIGGER, 0
Reaction ends, seriesWorkers, 1, 16, 0, 6, 3093883, NO TRIGGER, 0
Reaction starts, manager, 1, 16, 0, 7, 3202403, NO TRIGGER, 0
Reaction ends, manager, 1, 16, 0, 7, 3203226, NO TRIGGER, 0
Reaction starts, seriesWorkers, 0, 16, 0, 7, 3204969, NO TRIGGER, 0
Reaction ends, seriesWorkers, 0, 16, 0, 7, 3205073, NO TRIGGER, 0
Reaction starts, seriesWorkers, 0, 16, 0, 7, 3205538, NO TRIGGER, 0
Reaction ends, seriesWorkers, 0, 16, 0, 7, 3205783, NO TRIGGER, 0
Reaction starts, seriesWorkers, 0, 16, 0, 7, 3206886, NO TRIGGER, 0
Reaction ends, seriesWorkers, 0, 16, 0, 7, 3206992, NO TRIGGER, 0
Reaction starts, seriesWorkers, 0, 16, 0, 7, 3207377, NO TRIGGER, 0
Reaction ends, seriesWorkers, 0, 16, 0, 7, 3207417, NO TRIGGER, 0
Reaction starts, seriesWorkers, 1, 16, 0, 7, 3221307, NO TRIGGER, 0
Reaction ends, seriesWorkers, 1, 16, 0, 7, 3221576, NO TRIGGER, 0
Reaction starts, seriesWorkers, 1, 16, 0, 7, 3221976, NO TRIGGER, 0
Reaction ends, seriesWorkers, 1, 16, 0, 7, 3222106, NO TRIGGER, 0
Reaction starts, seriesWorkers, 1, 16, 0, 7, 3222719, NO TRIGGER, 0
Reaction ends, seriesWorkers, 1, 16, 0, 7, 3222787, NO TRIGGER, 0
Reaction starts, seriesWorkers, 1, 16, 0, 7, 3223147, NO TRIGGER, 0
Reaction ends, seriesWorkers, 1, 16, 0, 7, 3223236, NO TRIGGER, 0
Reaction starts, seriesWorkers, 1, 16, 0, 7, 3223630, NO TRIGGER, 0
Reaction ends, seriesWorkers, 1, 16, 0, 7, 3223706, NO TRIGGER, 0
Reaction starts, seriesWorkers, 1, 16, 0, 7, 3224035, NO TRIGGER, 0
Reaction ends, seriesWorkers, 1, 16, 0, 7, 3224102, NO TRIGGER, 0
Reaction starts, seriesWorkers, 1, 16, 0, 7, 3224374, NO TRIGGER, 0
Reaction ends, seriesWorkers, 1, 16, 0, 7, 3224491, NO TRIGGER, 0
Reaction starts, seriesWorkers, 1, 16, 0, 7, 3224747, NO TRIGGER, 0
Reaction ends, seriesWorkers, 1, 16, 0, 7, 3224863, NO TRIGGER, 0
Reaction starts, seriesWorkers, 1, 16, 0, 7, 3225127, NO TRIGGER, 0
Reaction ends, seriesWorkers, 1, 16, 0, 7, 3225216, NO TRIGGER, 0
Reaction starts, seriesWorkers, 1, 16, 0, 7, 3225774, NO TRIGGER, 0
Reaction ends, seriesWorkers, 1, 16, 0, 7, 3225918, NO TRIGGER, 0
Reaction starts, seriesWorkers.computer, 1, 16, 0, 7, 3247761, NO TRIGGER, 0
Reaction ends, seriesWorkers.computer, 1, 16, 0, 7, 3247997, NO TRIGGER, 0
Reaction starts, seriesWorkers, 1, 16, 0, 9, 3598295, NO TRIGGER, 0
Reaction ends, seriesWorkers, 1, 16, 0, 9, 3598825, NO TRIGGER, 0
Reaction starts, seriesWorkers.computer, 1, 16, 0, 10, 3810961, NO TRIGGER, 0
Reaction ends, seriesWorkers.computer, 1, 16, 0, 10, 3811248, NO TRIGGER, 0
Reaction starts, seriesWorkers.computer, 1, 16, 0, 10, 3812351, NO TRIGGER, 0
Reaction ends, seriesWorkers.computer, 1, 16, 0, 10, 3812585, NO TRIGGER, 0
Reaction starts, seriesWorkers.computer, 1, 16, 0, 10, 3814068, NO TRIGGER, 0
Reaction ends, seriesWorkers.computer, 1, 16, 0, 10, 3814381, NO TRIGGER, 0
Reaction starts, seriesWorkers, 2, 16, 0, 10, 3843895, NO TRIGGER, 0
Reaction ends, seriesWorkers, 2, 16, 0, 10, 3844245, NO TRIGGER, 0
Reaction starts, seriesWorkers, 2, 16, 0, 10, 3844879, NO TRIGGER, 0
Reaction ends, seriesWorkers, 2, 16, 0, 10, 3845082, NO TRIGGER, 0
Reaction starts, seriesWorkers, 1, 16, 0, 11, 3980991, NO TRIGGER, 0
Reaction ends, seriesWorkers, 1, 16, 0, 11, 3981594, NO TRIGGER, 0
Reaction starts, seriesWorkers, 0, 16, 0, 12, 4102682, NO TRIGGER, 0
Reaction ends, seriesWorkers, 0, 16, 0, 12, 4102829, NO TRIGGER, 0
Reaction starts, seriesWorkers, 0, 16, 0, 12, 4103716, NO TRIGGER, 0
Reaction ends, seriesWorkers, 0, 16, 0, 12, 4103883, NO TRIGGER, 0
Reaction starts, seriesWorkers, 0, 16, 0, 12, 4104709, NO TRIGGER, 0
Reaction ends, seriesWorkers, 0, 16, 0, 12, 4104836, NO TRIGGER, 0
Reaction starts, seriesWorkers, 0, 16, 0, 12, 4105329, NO TRIGGER, 0
Reaction ends, seriesWorkers, 0, 16, 0, 12, 4105423, NO TRIGGER, 0
Reaction starts, seriesWorkers, 0, 16, 0, 12, 4105713, NO TRIGGER, 0
Reaction ends, seriesWorkers, 0, 16, 0, 12, 4105836, NO TRIGGER, 0
Reaction starts, seriesWorkers, 0, 16, 0, 12, 4106096, NO TRIGGER, 0
Reaction ends, seriesWorkers, 0, 16, 0, 12, 4106233, NO TRIGGER, 0
Reaction starts, seriesWorkers.computer, 1, 17, 0, 2, 2334782, NO TRIGGER, 0
Reaction ends, seriesWorkers.computer, 1, 17, 0, 2, 2335292, NO TRIGGER, 0
Reaction starts, seriesWorkers, 0, 17, 0, 9, 3546134, NO TRIGGER, 0
Reaction ends, seriesWorkers, 0, 17, 0, 9, 3546287, NO TRIGGER, 0
Reaction starts, seriesWorkers, 0, 17, 0, 9, 3548527, NO TRIGGER, 0
Reaction ends, seriesWorkers, 0, 17, 0, 9, 3548687, NO TRIGGER, 0
Reaction starts, seriesWorkers, 0, 17, 0, 9, 3552241, NO TRIGGER, 0
Reaction ends, seriesWorkers, 0, 17, 0, 9, 3552367, NO TRIGGER, 0
Reaction starts, seriesWorkers, 0, 17, 0, 9, 3553091, NO TRIGGER, 0
Reaction ends, seriesWorkers, 0, 17, 0, 9, 3553197, NO TRIGGER, 0
Reaction starts, seriesWorkers, 0, 17, 0, 9, 3553511, NO TRIGGER, 0
Reaction ends, seriesWorkers, 0, 17, 0, 9, 3553631, NO TRIGGER, 0
Reaction starts, seriesWorkers, 0, 17, 0, 9, 3554057, NO TRIGGER, 0
Reaction ends, seriesWorkers, 0, 17, 0, 9, 3554187, NO TRIGGER, 0
Reaction starts, seriesWorkers, 1, 17, 0, 9, 3591715, NO TRIGGER, 0
Reaction ends, seriesWorkers, 1, 17, 0, 9, 3591995, NO TRIGGER, 0
Reaction starts, seriesWorkers, 1, 17, 0, 9, 3594195, NO TRIGGER, 0
Reaction ends, seriesWorkers, 1, 17, 0, 9, 3594482, NO TRIGGER, 0
Reaction starts, seriesWorkers, 1, 17, 0, 9, 3598382, NO TRIGGER, 0
Reaction ends, seriesWorkers, 1, 17, 0, 9, 3598992, NO TRIGGER, 0
Reaction starts, seriesWorkers, 0, 17, 0, 10, 3741450, NO TRIGGER, 0
Reaction ends, seriesWorkers, 0, 17, 0, 10, 3741724, NO TRIGGER, 0
Reaction starts, seriesWorkers, 1, 17, 0, 11, 3978334, NO TRIGGER, 0
Reaction ends, seriesWorkers, 1, 17, 0, 11, 3978614, NO TRIGGER, 0
Reaction starts, seriesWorkers, 1, 17, 0, 11, 3987831, NO TRIGGER, 0
Reaction ends, seriesWorkers, 1, 17, 0, 11, 3988021, NO TRIGGER, 0
Reaction starts, seriesWorkers, 2, 17, 0, 11, 4044865, NO TRIGGER, 0
Reaction ends, seriesWorkers, 2, 17, 0, 11, 4045232, NO TRIGGER, 0
Reaction starts, seriesWorkers, 2, 17, 0, 11, 4045955, NO TRIGGER, 0
Reaction ends, seriesWorkers, 2, 17, 0, 11, 4046258, NO TRIGGER, 0
Reaction starts, seriesWorkers.computer, 1, 17, 0, 13, 4286015, NO TRIGGER, 0
Reaction ends, seriesWorkers.computer, 1, 17, 0, 13, 4286318, NO TRIGGER, 0
Reaction starts, seriesWorkers.computer, 1, 17, 0, 13, 4287242, NO TRIGGER, 0
Reaction ends, seriesWorkers.computer, 1, 17, 0, 13, 4287542, NO TRIGGER, 0
Reaction starts, seriesWorkers.computer, 1, 17, 0, 13, 4288325, NO TRIGGER, 0
Reaction ends, seriesWorkers.computer, 1, 17, 0, 13, 4288622, NO TRIGGER, 0
Reaction starts, seriesWorkers.computer, 1, 17, 0, 13, 4289345, NO TRIGGER, 0
Reaction ends, seriesWorkers.computer, 1, 17, 0, 13, 4289652, NO TRIGGER, 0
Reaction starts, seriesWorkers, 2, 17, 0, 13, 4304939, NO TRIGGER, 0
Reaction ends, seriesWorkers, 2, 17, 0, 13, 4305246, NO TRIGGER, 0
Reaction starts, seriesWorkers, 2, 17, 0, 13, 4305669, NO TRIGGER, 0
Reaction ends, seriesWorkers, 2, 17, 0, 13, 4305889, NO TRIGGER, 0
Reaction starts, seriesWorkers, 2, 17, 0, 13, 4308492, NO TRIGGER, 0
Reaction ends, seriesWorkers, 2, 17, 0, 13, 4308872, NO TRIGGER, 0
Reaction starts, seriesWorkers, 2, 17, 0, 13, 4309572, NO TRIGGER, 0
Reaction ends, seriesWorkers, 2, 17, 0, 13, 4309922, NO TRIGGER, 0
Reaction starts, runner, 2, 17, 0, 13, 4317002, NO TRIGGER, 0
Reaction ends, runner, 2, 17, 0, 13, 4355983, NO TRIGGER, 0
Reaction starts, runner, 1, 17, 0, 14, 4358443, NO TRIGGER, 0
Reaction ends, runner, 1, 17, 0, 14, 4358943, NO TRIGGER, 0
Reaction starts, manager, 1, 17, 0, 14, 4359436, NO TRIGGER, 0
Reaction ends, manager, 1, 17, 0, 14, 4360093, NO TRIGGER, 0
Reaction starts, seriesWorkers, 1, 17, 0, 14, 4419221, NO TRIGGER, 0
Reaction ends, seriesWorkers, 1, 17, 0, 14, 4419391, NO TRIGGER, 0
Reaction starts, seriesWorkers, 1, 17, 0, 14, 4419904, NO TRIGGER, 0
Reaction ends, seriesWorkers, 1, 17, 0, 14, 4420077, NO TRIGGER, 0
Reaction starts, seriesWorkers, 1, 17, 0, 14, 4421967, NO TRIGGER, 0
Reaction ends, seriesWorkers, 1, 17, 0, 14, 4422214, NO TRIGGER, 0
Reaction starts, seriesWorkers, 1, 17, 0, 14, 4423087, NO TRIGGER, 0
Reaction ends, seriesWorkers, 1, 17, 0, 14, 4423324, NO TRIGGER, 0
Reaction starts, seriesWorkers, 1, 18, 0, 2, 2296379, NO TRIGGER, 0
Reaction ends, seriesWorkers, 1, 18, 0, 2, 2296788, NO TRIGGER, 0
Reaction starts, seriesWorkers.computer, 1, 18, 0, 2, 2331469, NO TRIGGER, 0
Reaction ends, seriesWorkers.computer, 1, 18, 0, 2, 2331822, NO TRIGGER, 0
Reaction starts, seriesWorkers.computer, 1, 18, 0, 2, 2335249, NO TRIGGER, 0
Reaction ends, seriesWorkers.computer, 1, 18, 0, 2, 2335959, NO TRIGGER, 0
Reaction starts, seriesWorkers, 0, 18, 0, 3, 2475141, NO TRIGGER, 0
Reaction ends, seriesWorkers, 0, 18, 0, 3, 2475365, NO TRIGGER, 0
Reaction starts, runner, 2, 18, 0, 6, 3159091, NO TRIGGER, 0
Reaction ends, runner, 2, 18, 0, 6, 3162745, NO TRIGGER, 0
Reaction starts, runner, 1, 18, 0, 7, 3165448, NO TRIGGER, 0
Reaction ends, runner, 1, 18, 0, 7, 3165788, NO TRIGGER, 0
Reaction starts, seriesWorkers, 0, 18, 0, 7, 3202926, NO TRIGGER, 0
Reaction ends, seriesWorkers, 0, 18, 0, 7, 3203236, NO TRIGGER, 0
Reaction starts, seriesWorkers, 0, 18, 0, 7, 3204529, NO TRIGGER, 0
Reaction ends, seriesWorkers, 0, 18, 0, 7, 3204692, NO TRIGGER, 0
Reaction starts, seriesWorkers, 0, 18, 0, 7, 3205216, NO TRIGGER, 0
Reaction ends, seriesWorkers, 0, 18, 0, 7, 3205516, NO TRIGGER, 0
Reaction starts, seriesWorkers, 0, 18, 0, 7, 3206109, NO TRIGGER, 0
Reaction ends, seriesWorkers, 0, 18, 0, 7, 3206412, NO TRIGGER, 0
Reaction starts, seriesWorkers, 0, 18, 0, 7, 3206929, NO TRIGGER, 0
Reaction ends, seriesWorkers, 0, 18, 0, 7, 3207256, NO TRIGGER, 0
Reaction starts, seriesWorkers, 0, 18, 0, 7, 3207759, NO TRIGGER, 0
Reaction ends, seriesWorkers, 0, 18, 0, 7, 3208052, NO TRIGGER, 0
Reaction starts, seriesWorkers.computer, 1, 18, 0, 7, 3247536, NO TRIGGER, 0
Reaction ends, seriesWorkers.computer, 1, 18, 0, 7, 3248043, NO TRIGGER, 0
Reaction starts, seriesWorkers.computer, 1, 18, 0, 7, 3249683, NO TRIGGER, 0
Reaction ends, seriesWorkers.computer, 1, 18, 0, 7, 3249913, NO TRIGGER, 0
Reaction starts, seriesWorkers.computer, 1, 18, 0, 7, 3250516, NO TRIGGER, 0
Reaction ends, seriesWorkers.computer, 1, 18, 0, 7, 3250780, NO TRIGGER, 0
Reaction starts, seriesWorkers.computer, 1, 18, 0, 7, 3251440, NO TRIGGER, 0
Reaction ends, seriesWorkers.computer, 1, 18, 0, 7, 3251656, NO TRIGGER, 0
Reaction starts, seriesWorkers.computer, 1, 18, 0, 7, 3252306, NO TRIGGER, 0
Reaction ends, seriesWorkers.computer, 1, 18, 0, 7, 3252526, NO TRIGGER, 0
Reaction starts, seriesWorkers.computer, 1, 18, 0, 7, 3253126, NO TRIGGER, 0
Reaction ends, seriesWorkers.computer, 1, 18, 0, 7, 3253466, NO TRIGGER, 0
Reaction starts, seriesWorkers, 2, 18, 0, 7, 3282397, NO TRIGGER, 0
Reaction ends, seriesWorkers, 2, 18, 0, 7, 3282683, NO TRIGGER, 0
Reaction starts, seriesWorkers, 2, 18, 0, 7, 3285333, NO TRIGGER, 0
Reaction ends, seriesWorkers, 2, 18, 0, 7, 3285710, NO TRIGGER, 0
Reaction starts, seriesWorkers, 1, 18, 0, 11, 3981104, NO TRIGGER, 0
Reaction ends, seriesWorkers, 1, 18, 0, 11, 3981647, NO TRIGGER, 0
Reaction starts, seriesWorkers, 2, 19, 0, 4, 2788431, NO TRIGGER, 0
Reaction ends, seriesWorkers, 2, 19, 0, 4, 2788576, NO TRIGGER, 0
Reaction starts, seriesWorkers, 2, 19, 0, 4, 2789064, NO TRIGGER, 0
Reaction ends, seriesWorkers, 2, 19, 0, 4, 2789164, NO TRIGGER, 0
Reaction starts, seriesWorkers.computer, 1, 19, 0, 9, 3620878, NO TRIGGER, 0
Reaction ends, seriesWorkers.computer, 1, 19, 0, 9, 3621345, NO TRIGGER, 0
Reaction starts, seriesWorkers.computer, 1, 19, 0, 9, 3622368, NO TRIGGER, 0
Reaction ends, seriesWorkers.computer, 1, 19, 0, 9, 3622742, NO TRIGGER, 0
Reaction starts, seriesWorkers.computer, 1, 19, 0, 9, 3626355, NO TRIGGER, 0
Reaction ends, seriesWorkers.computer, 1, 19, 0, 9, 3626682, NO TRIGGER, 0
Reaction starts, seriesWorkers.computer, 1, 19, 0, 9, 3627725, NO TRIGGER, 0
Reaction ends, seriesWorkers.computer, 1, 19, 0, 9, 3627985, NO TRIGGER, 0
Reaction starts, seriesWorkers.computer, 1, 19, 0, 9, 3629205, NO TRIGGER, 0
Reaction ends, seriesWorkers.computer, 1, 19, 0, 9, 3629599, NO TRIGGER, 0
Reaction starts, seriesWorkers, 2, 19, 0, 9, 3677073, NO TRIGGER, 0
Reaction ends, seriesWorkers, 2, 19, 0, 9, 3677256, NO TRIGGER, 0
Reaction starts, seriesWorkers, 2, 19, 0, 9, 3677766, NO TRIGGER, 0
Reaction ends, seriesWorkers, 2, 19, 0, 9, 3677926, NO TRIGGER, 0
Reaction starts, seriesWorkers, 2, 19, 0, 9, 3678336, NO TRIGGER, 0
Reaction ends, seriesWorkers, 2, 19, 0, 9, 3678496, NO TRIGGER, 0
Reaction starts, seriesWorkers, 2, 19, 0, 9, 3681866, NO TRIGGER, 0
Reaction ends, seriesWorkers, 2, 19, 0, 9, 3682029, NO TRIGGER, 0
Reaction starts, seriesWorkers, 2, 19, 0, 10, 3842365, NO TRIGGER, 0
Reaction ends, seriesWorkers, 2, 19, 0, 10, 3842722, NO TRIGGER, 0
Reaction starts, seriesWorkers, 2, 19, 0, 10, 3852295, NO TRIGGER, 0
Reaction ends, seriesWorkers, 2, 19, 0, 10, 3852642, NO TRIGGER, 0
Reaction starts, runner, 2, 19, 0, 12, 4202204, NO TRIGGER, 0
Reaction ends, runner, 2, 19, 0, 12, 4210297, NO TRIGGER, 0
Reaction starts, runner, 1, 19, 0, 13, 4214337, NO TRIGGER, 0
Reaction ends, runner, 1, 19, 0, 13, 4215094, NO TRIGGER, 0
Reaction starts, manager, 1, 19, 0, 13, 4216324, NO TRIGGER, 0
Reaction ends, manager, 1, 19, 0, 13, 4217094, NO TRIGGER, 0
Reaction starts, seriesWorkers, 1, 19, 0, 13, 4254468, NO TRIGGER, 0
Reaction ends, seriesWorkers, 1, 19, 0, 13, 4254635, NO TRIGGER, 0
Reaction starts, seriesWorkers, 1, 19, 0, 13, 4255255, NO TRIGGER, 0
Reaction ends, seriesWorkers, 1, 19, 0, 13, 4255428, NO TRIGGER, 0
Reaction starts, seriesWorkers, 1, 19, 0, 13, 4255935, NO TRIGGER, 0
Reaction ends, seriesWorkers, 1, 19, 0, 13, 4256085, NO TRIGGER, 0
Reaction starts, seriesWorkers, 1, 19, 0, 13, 4256595, NO TRIGGER, 0
Reaction ends, seriesWorkers, 1, 19, 0, 13, 4256745, NO TRIGGER, 0
Reaction starts, seriesWorkers, 1, 19, 0, 13, 4257452, NO TRIGGER, 0
Reaction ends, seriesWorkers, 1, 19, 0, 13, 4257822, NO TRIGGER, 0
Reaction starts, seriesWorkers, 1, 19, 0, 13, 4260675, NO TRIGGER, 0
Reaction ends, seriesWorkers, 1, 19, 0, 13, 4260928, NO TRIGGER, 0
Reaction starts, seriesWorkers, 1, 20, 0, 2, 2296488, NO TRIGGER, 0
Reaction ends, seriesWorkers, 1, 20, 0, 2, 2296805, NO TRIGGER, 0
Reaction starts, seriesWorkers, 1, 20, 0, 2, 2300008, NO TRIGGER, 0
Reaction ends, seriesWorkers, 1, 20, 0, 2, 2300265, NO TRIGGER, 0
Reaction starts, seriesWorkers, 1, 20, 0, 5, 2870701, NO TRIGGER, 0
Reaction ends, seriesWorkers, 1, 20, 0, 5, 2871017, NO TRIGGER, 0
Reaction starts, seriesWorkers, 1, 20, 0, 5, 2871801, NO TRIGGER, 0
Reaction ends, seriesWorkers, 1, 20, 0, 5, 2871977, NO TRIGGER, 0
Reaction starts, seriesWorkers, 1, 20, 0, 5, 2872544, NO TRIGGER, 0
Reaction ends, seriesWorkers, 1, 20, 0, 5, 2872734, NO TRIGGER, 0
Reaction starts, seriesWorkers, 1, 20, 0, 5, 2873481, NO TRIGGER, 0
Reaction ends, seriesWorkers, 1, 20, 0, 5, 2873784, NO TRIGGER, 0
Reaction starts, seriesWorkers, 1, 20, 0, 5, 2876574, NO TRIGGER, 0
Reaction ends, seriesWorkers, 1, 20, 0, 5, 2876881, NO TRIGGER, 0
Reaction starts, seriesWorkers, 1, 20, 0, 5, 2877664, NO TRIGGER, 0
Reaction ends, seriesWorkers, 1, 20, 0, 5, 2878117, NO TRIGGER, 0
Reaction starts, runner, 2, 20, 0, 5, 2969982, NO TRIGGER, 0
Reaction ends, runner, 2, 20, 0, 5, 2977512, NO TRIGGER, 0
Reaction starts, runner, 1, 20, 0, 6, 2980379, NO TRIGGER, 0
Reaction ends, runner, 1, 20, 0, 6, 2980695, NO TRIGGER, 0
Reaction starts, manager, 1, 20, 0, 6, 3041000, NO TRIGGER, 0
Reaction ends, manager, 1, 20, 0, 6, 3041780, NO TRIGGER, 0
Reaction starts, seriesWorkers, 0, 20, 0, 6, 3044150, NO TRIGGER, 0
Reaction ends, seriesWorkers, 0, 20, 0, 6, 3044256, NO TRIGGER, 0
Reaction starts, seriesWorkers, 0, 20, 0, 6, 3044510, NO TRIGGER, 0
Reaction ends, seriesWorkers, 0, 20, 0, 6, 3044640, NO TRIGGER, 0
Reaction starts, seriesWorkers, 0, 20, 0, 6, 3048170, NO TRIGGER, 0
Reaction ends, seriesWorkers, 0, 20, 0, 6, 3048347, NO TRIGGER, 0
Reaction starts, seriesWorkers, 0, 20, 0, 6, 3048887, NO TRIGGER, 0
Reaction ends, seriesWorkers, 0, 20, 0, 6, 3049003, NO TRIGGER, 0
Reaction starts, seriesWorkers.computer, 1, 20, 0, 9, 3631599, NO TRIGGER, 0
Reaction ends, seriesWorkers.computer, 1, 20, 0, 9, 3631905, NO TRIGGER, 0
Reaction starts, seriesWorkers, 2, 20, 0, 10, 3842669, NO TRIGGER, 0
Reaction ends, seriesWorkers, 2, 20, 0, 10, 3842842, NO TRIGGER, 0
Reaction starts, seriesWorkers, 2, 20, 0, 10, 3845932, NO TRIGGER, 0
Reaction ends, seriesWorkers, 2, 20, 0, 10, 3846082, NO TRIGGER, 0
Reaction starts, seriesWorkers, 2, 20, 0, 11, 4042998, NO TRIGGER, 0
Reaction ends, seriesWorkers, 2, 20, 0, 11, 4043932, NO TRIGGER, 0
Reaction starts, seriesWorkers, 2, 20, 0, 11, 4046812, NO TRIGGER, 0
Reaction ends, seriesWorkers, 2, 20, 0, 11, 4047138, NO TRIGGER, 0
Reaction starts, seriesWorkers.computer, 1, 20, 0, 15, 4654691, NO TRIGGER, 0
Reaction ends, seriesWorkers.computer, 1, 20, 0, 15, 4654935, NO TRIGGER, 0
Reaction starts, seriesWorkers.computer, 1, 20, 0, 15, 4657673, NO TRIGGER, 0
Reaction ends, seriesWorkers.computer, 1, 20, 0, 15, 4657885, NO TRIGGER, 0
Reaction starts, seriesWorkers, 1, 21, 0, 5, 2873064, NO TRIGGER, 0
Reaction ends, seriesWorkers, 1, 21, 0, 5, 2873354, NO TRIGGER, 0
Reaction starts, seriesWorkers, 1, 21, 0, 5, 2874961, NO TRIGGER, 0
Reaction ends, seriesWorkers, 1, 21, 0, 5, 2875221, NO TRIGGER, 0
Reaction starts, seriesWorkers, 1, 21, 0, 5, 2877571, NO TRIGGER, 0
Reaction ends, seriesWorkers, 1, 21, 0, 5, 2877984, NO TRIGGER, 0
Reaction starts, seriesWorkers.computer, 1, 21, 0, 5, 2918229, NO TRIGGER, 0
Reaction ends, seriesWorkers.computer, 1, 21, 0, 5, 2918475, NO TRIGGER, 0
Reaction starts, seriesWorkers, 0, 21, 0, 10, 3743990, NO TRIGGER, 0
Reaction ends, seriesWorkers, 0, 21, 0, 10, 3744160, NO TRIGGER, 0
Reaction starts, seriesWorkers, 0, 21, 0, 10, 3745010, NO TRIGGER, 0
Reaction ends, seriesWorkers, 0, 21, 0, 10, 3745137, NO TRIGGER, 0
Reaction starts, seriesWorkers, 0, 21, 0, 10, 3745400, NO TRIGGER, 0
Reaction ends, seriesWorkers, 0, 21, 0, 10, 3745520, NO TRIGGER, 0
Reaction starts, seriesWorkers, 1, 21, 0, 10, 3782474, NO TRIGGER, 0
Reaction ends, seriesWorkers, 1, 21, 0, 10, 3782894, NO TRIGGER, 0
Reaction starts, seriesWorkers, 1, 21, 0, 13, 4257842, NO TRIGGER, 0
Reaction ends, seriesWorkers, 1, 21, 0, 13, 4258240, NO TRIGGER, 0
Reaction starts, seriesWorkers, 1, 22, 0, 1, 2062942, NO TRIGGER, 0
Reaction ends, seriesWorkers, 1, 22, 0, 1, 2063402, NO TRIGGER, 0
Reaction starts, seriesWorkers, 1, 22, 0, 1, 2064892, NO TRIGGER, 0
Reaction ends, seriesWorkers, 1, 22, 0, 1, 2065198, NO TRIGGER, 0
Reaction starts, seriesWorkers, 1, 22, 0, 1, 2068072, NO TRIGGER, 0
Reaction ends, seriesWorkers, 1, 22, 0, 1, 2068252, NO TRIGGER, 0
Reaction starts, seriesWorkers, 1, 22, 0, 1, 2069042, NO TRIGGER, 0
Reaction ends, seriesWorkers, 1, 22, 0, 1, 2069335, NO TRIGGER, 0
Reaction starts, seriesWorkers, 1, 22, 0, 1, 2069925, NO TRIGGER, 0
Reaction ends, seriesWorkers, 1, 22, 0, 1, 2070412, NO TRIGGER, 0
Reaction starts, seriesWorkers, 0, 22, 0, 9, 3554577, NO TRIGGER, 0
Reaction ends, seriesWorkers, 0, 22, 0, 9, 3554911, NO TRIGGER, 0
Reaction starts, runner, 1, 23, 0, 1, 1919952, NO TRIGGER, 0
Reaction ends, runner, 1, 23, 0, 1, 1920372, NO TRIGGER, 0
Reaction starts, manager, 1, 23, 0, 1, 2008873, NO TRIGGER, 0
Reaction ends, manager, 1, 23, 0, 1, 2009849, NO TRIGGER, 0
Reaction starts, seriesWorkers, 0, 23, 0, 1, 2012151, NO TRIGGER, 0
Reaction ends, seriesWorkers, 0, 23, 0, 1, 2012493, NO TRIGGER, 0
Reaction starts, seriesWorkers, 0, 23, 0, 1, 2012680, NO TRIGGER, 0
Reaction ends, seriesWorkers, 0, 23, 0, 1, 2012766, NO TRIGGER, 0
Reaction starts, seriesWorkers, 0, 23, 0, 1, 2012944, NO TRIGGER, 0
Reaction ends, seriesWorkers, 0, 23, 0, 1, 2013033, NO TRIGGER, 0
Reaction starts, seriesWorkers, 0, 23, 0, 1, 2013203, NO TRIGGER, 0
Reaction ends, seriesWorkers, 0, 23, 0, 1, 2013299, NO TRIGGER, 0
Reaction starts, seriesWorkers, 0, 23, 0, 1, 2013498, NO TRIGGER, 0
Reaction ends, seriesWorkers, 0, 23, 0, 1, 2013597, NO TRIGGER, 0
Reaction starts, seriesWorkers, 0, 23, 0, 1, 2013766, NO TRIGGER, 0
Reaction ends, seriesWorkers, 0, 23, 0, 1, 2013834, NO TRIGGER, 0
Reaction starts, seriesWorkers, 0, 23, 0, 1, 2014065, NO TRIGGER, 0
Reaction ends, seriesWorkers, 0, 23, 0, 1, 2014194, NO TRIGGER, 0
Reaction starts, seriesWorkers, 0, 23, 0, 1, 2014427, NO TRIGGER, 0
Reaction ends, seriesWorkers, 0, 23, 0, 1, 2014502, NO TRIGGER, 0
Reaction starts, seriesWorkers, 0, 23, 0, 1, 2014692, NO TRIGGER, 0
Reaction ends, seriesWorkers, 0, 23, 0, 1, 2014788, NO TRIGGER, 0
Reaction starts, seriesWorkers, 0, 23, 0, 1, 2014968, NO TRIGGER, 0
Reaction ends, seriesWorkers, 0, 23, 0, 1, 2015099, NO TRIGGER, 0
Reaction starts, seriesWorkers, 0, 23, 0, 11, 3956117, NO TRIGGER, 0
Reaction ends, seriesWorkers, 0, 23, 0, 11, 3956294, NO TRIGGER, 0
Reaction starts, seriesWorkers, 0, 23, 0, 11, 3957027, NO TRIGGER, 0
Reaction ends, seriesWorkers, 0, 23, 0, 11, 3957140, NO TRIGGER, 0
Reaction starts, seriesWorkers, 0, 23, 0, 11, 3957727, NO TRIGGER, 0
Reaction ends, seriesWorkers, 0, 23, 0, 11, 3957860, NO TRIGGER, 0
